player_id,player_name,order,team,opp_pitcher,p_hand,b_hand,iso,slg,sp_hr9_split,clash_badge,prob,score,target_call,rank
663993,Nathaniel Lowe,5,Cleveland Guardians,Tanner Gordon,R,L,0.219,0.463,2.52,ABOVE-AVG MATCHUP,0.4205,96.5,👑 APEX: Home Run Lock,1
800050,Chase DeLauter,2,Cleveland Guardians,Tanner Gordon,R,L,0.157,0.442,2.52,ABOVE-AVG MATCHUP,0.3237,92.4,👑 APEX: Home Run Lock,2
608070,José Ramírez,3,Cleveland Guardians,Tanner Gordon,R,S,0.143,0.382,2.52,ABOVE-AVG MATCHUP,0.2997,88.7,👑 APEX: Home Run Lock,3
804668,Rafael Flores Jr.,6,Pittsburgh Pirates,Yoshinobu Yamamoto,R,R,0.416,0.729,1.06,ABOVE-AVG MATCHUP,0.2985,88.5,👑 APEX: Home Run Lock,4
683953,Travis Bazzana,7,Cleveland Guardians,Tanner Gordon,R,L,0.136,0.369,2.52,ABOVE-AVG MATCHUP,0.2873,86.3,👑 APEX: Home Run Lock,5
678246,Miguel Vargas,3,Chicago White Sox,Sean Manaea,L,R,0.247,0.487,1.49,ELEVATED POWER EDGE,0.2768,83.9,👑 APEX: Home Run Lock,6
666176,Jo Adell,4,Cleveland Guardians,Tanner Gordon,R,R,0.271,0.479,1.13,ABOVE-AVG MATCHUP,0.2612,79.8,👑 APEX: Home Run Lock,7
571448,Nolan Arenado,5,Arizona Diamondbacks,Nick Lodolo,L,R,0.2,0.443,1.82,ABOVE-AVG MATCHUP,0.2537,77.5,👑 APEX: Home Run Lock,8
694197,Angel Genao,6,Cleveland Guardians,Tanner Gordon,R,S,0.111,0.444,2.52,ABOVE-AVG MATCHUP,0.2416,73.5,🔥 TARGET: Home Run Play,9
691718,Pete Crow-Armstrong,1,Chicago Cubs,Emerson Hancock,R,L,0.271,0.55,1.26,ELEVATED POWER EDGE,0.2371,71.9,🔥 TARGET: Home Run Play,10
670541,Yordan Alvarez,2,Houston Astros,J.T. Ginn,R,L,0.294,0.613,1.14,ABOVE-AVG MATCHUP,0.2362,71.5,🔥 TARGET: Home Run Play,11
621439,Byron Buxton,2,Minnesota Twins,Randy Vásquez,R,R,0.268,0.524,1.25,ELEVATED POWER EDGE,0.2286,68.7,🔥 TARGET: Home Run Play,12
801126,Brock Rodden,9,Seattle Mariners,Matthew Boyd,L,S,0.2,0.5,1.77,ABOVE-AVG MATCHUP,0.226,67.7,🔥 TARGET: Home Run Play,13
680664,Eduardo Valencia,5,Detroit Tigers,Noah Cameron,L,R,0.407,0.763,0.87,ABOVE-AVG MATCHUP,0.2234,66.6,🔥 TARGET: Home Run Play,14
672515,Gabriel Moreno,3,Arizona Diamondbacks,Nick Lodolo,L,R,0.163,0.47,1.82,ABOVE-AVG MATCHUP,0.2122,62.0,🔥 TARGET: Home Run Play,15
660271,Shohei Ohtani,1,Los Angeles Dodgers,Bubba Chandler,R,L,0.263,0.554,1.12,ABOVE-AVG MATCHUP,0.2108,61.4,🔥 TARGET: Home Run Play,16
690984,Petey Halpin,9,Cleveland Guardians,Tanner Gordon,R,L,0.093,0.308,2.52,ABOVE-AVG MATCHUP,0.2068,59.7,🔥 TARGET: Home Run Play,17
808959,Munetaka Murakami,2,Chicago White Sox,Sean Manaea,L,L,0.303,0.53,0.95,ABOVE-AVG MATCHUP,0.2066,59.6,🔥 TARGET: Home Run Play,18
668227,Randy Arozarena,2,Seattle Mariners,Matthew Boyd,L,R,0.177,0.449,1.77,ABOVE-AVG MATCHUP,0.2028,57.9,🔥 TARGET: Home Run Play,19
666160,Mickey Moniak,7,Colorado Rockies,Joey Cantillo,L,L,0.273,0.539,0.83,ABOVE-AVG MATCHUP,0.2007,57.0,🔥 TARGET: Home Run Play,20
642350,Jose Siri,5,Los Angeles Angels,MacKenzie Gore,L,R,0.206,0.461,1.35,ABOVE-AVG MATCHUP,0.2003,56.8,🔥 TARGET: Home Run Play,21
641680,Jonah Heim,7,Athletics,Hayden Wesneski,R,S,0.179,0.41,1.54,ABOVE-AVG MATCHUP,0.1988,56.2,🔥 TARGET: Home Run Play,22
571970,Max Muncy,4,Los Angeles Dodgers,Bubba Chandler,R,L,0.246,0.497,1.12,ABOVE-AVG MATCHUP,0.1987,56.1,🔥 TARGET: Home Run Play,23
694374,Tim Tawa,6,Arizona Diamondbacks,Nick Lodolo,L,R,0.15,0.385,1.82,ABOVE-AVG MATCHUP,0.1971,55.4,🔥 TARGET: Home Run Play,24
664034,Ty France,4,San Diego Padres,Connor Prielipp,L,R,0.22,0.511,1.27,ELEVATED POWER EDGE,0.1947,54.4,🔥 TARGET: Home Run Play,25
694249,Cole Carrigg,3,Colorado Rockies,Joey Cantillo,L,S,0.186,0.467,1.17,ABOVE-AVG MATCHUP,0.1935,53.8,🔥 TARGET: Home Run Play,26
545361,Mike Trout,2,Los Angeles Angels,MacKenzie Gore,L,R,0.195,0.434,1.35,ABOVE-AVG MATCHUP,0.1907,52.6,🔥 TARGET: Home Run Play,27
545121,Ildemaro Vargas,1,Arizona Diamondbacks,Nick Lodolo,L,S,0.143,0.407,1.82,ABOVE-AVG MATCHUP,0.1888,51.7,⚾ Standard Matchup,28
677594,Julio Rodríguez,4,Seattle Mariners,Matthew Boyd,L,R,0.163,0.416,1.77,ABOVE-AVG MATCHUP,0.1884,51.5,⚾ Standard Matchup,29
687263,Zach Neto,1,Los Angeles Angels,MacKenzie Gore,L,R,0.191,0.422,1.35,ABOVE-AVG MATCHUP,0.1872,51.0,⚾ Standard Matchup,30
695506,Jac Caglianone,3,Kansas City Royals,Troy Melton,R,L,0.216,0.495,1.33,ABOVE-AVG MATCHUP,0.1855,50.2,⚾ Standard Matchup,31
624424,Michael Conforto,8,Chicago Cubs,Emerson Hancock,R,L,0.216,0.438,1.26,ABOVE-AVG MATCHUP,0.1787,47.2,⚾ Standard Matchup,32
665019,Kody Clemens,5,Minnesota Twins,Randy Vásquez,R,L,0.229,0.465,1.21,ABOVE-AVG MATCHUP,0.178,46.9,⚾ Standard Matchup,33
679822,Justin Foscue,1,Texas Rangers,Reid Detmers,L,R,0.221,0.487,1.1,ABOVE-AVG MATCHUP,0.1775,46.6,⚾ Standard Matchup,34
672695,Geraldo Perdomo,4,Arizona Diamondbacks,Nick Lodolo,L,S,0.127,0.371,1.82,ABOVE-AVG MATCHUP,0.1696,43.1,⚾ Standard Matchup,35
680777,Ryan Jeffers,4,Minnesota Twins,Randy Vásquez,R,R,0.21,0.493,1.25,ABOVE-AVG MATCHUP,0.1695,43.1,⚾ Standard Matchup,36
666126,Carlos Cortes,4,Athletics,Hayden Wesneski,R,L,0.147,0.407,1.54,ABOVE-AVG MATCHUP,0.1664,41.7,⚾ Standard Matchup,37
596019,Francisco Lindor,2,New York Mets,Sean Burke,R,S,0.187,0.426,1.2,ABOVE-AVG MATCHUP,0.1651,41.1,⚾ Standard Matchup,38
694671,Wyatt Langford,3,Texas Rangers,Reid Detmers,L,R,0.203,0.454,1.1,ABOVE-AVG MATCHUP,0.1643,40.8,⚾ Standard Matchup,39
663728,Cal Raleigh,7,Seattle Mariners,Matthew Boyd,L,S,0.14,0.296,1.77,ABOVE-AVG MATCHUP,0.1641,40.7,⚾ Standard Matchup,40
592518,Manny Machado,3,San Diego Padres,Connor Prielipp,L,R,0.198,0.413,1.27,ABOVE-AVG MATCHUP,0.163,40.2,⚾ Standard Matchup,41
650489,Willi Castro,5,Colorado Rockies,Joey Cantillo,L,S,0.161,0.425,1.17,NEUTRAL TRAJECTORY,0.1625,40.0,⚾ Standard Matchup,42
691720,Kyle Karros,2,Colorado Rockies,Joey Cantillo,L,R,0.159,0.424,1.17,NEUTRAL TRAJECTORY,0.1606,39.2,⚾ Standard Matchup,43
664023,Ian Happ,5,Chicago Cubs,Emerson Hancock,R,S,0.191,0.405,1.26,ABOVE-AVG MATCHUP,0.1598,38.9,⚾ Standard Matchup,44
671732,Lawrence Butler,5,Athletics,Hayden Wesneski,R,L,0.14,0.358,1.54,ABOVE-AVG MATCHUP,0.1591,38.6,⚾ Standard Matchup,45
695600,Carter Jensen,1,Kansas City Royals,Troy Melton,R,L,0.18,0.401,1.33,ABOVE-AVG MATCHUP,0.1572,37.7,⚾ Standard Matchup,46
695657,Colson Montgomery,5,Chicago White Sox,Sean Manaea,L,L,0.217,0.433,0.95,ABOVE-AVG MATCHUP,0.1527,35.9,⚾ Standard Matchup,47
701398,Sal Stewart,2,Cincinnati Reds,Eduardo Rodriguez,L,R,0.215,0.474,0.95,ABOVE-AVG MATCHUP,0.1514,35.3,⚾ Standard Matchup,48
814439,Ryan Waldschmidt,9,Arizona Diamondbacks,Nick Lodolo,L,R,0.112,0.391,1.82,ABOVE-AVG MATCHUP,0.1511,35.2,⚾ Standard Matchup,49
676724,Jared Young,5,New York Mets,Sean Burke,R,L,0.177,0.447,1.2,NEUTRAL TRAJECTORY,0.1501,34.8,⚾ Standard Matchup,50
669394,Jake Burger,6,Texas Rangers,Reid Detmers,L,R,0.183,0.42,1.1,ABOVE-AVG MATCHUP,0.1494,34.5,⚾ Standard Matchup,51
686681,Michael Massey,7,Kansas City Royals,Troy Melton,R,L,0.169,0.447,1.33,ABOVE-AVG MATCHUP,0.1483,34.1,⚾ Standard Matchup,52
608369,Corey Seager,2,Texas Rangers,Reid Detmers,L,L,0.197,0.415,1.01,ABOVE-AVG MATCHUP,0.1478,33.9,⚾ Standard Matchup,53
664983,Jake McCarthy,1,Colorado Rockies,Joey Cantillo,L,L,0.195,0.49,0.83,ABOVE-AVG MATCHUP,0.1478,33.9,⚾ Standard Matchup,54
805367,Chase Meidroth,1,Chicago White Sox,Sean Manaea,L,R,0.133,0.406,1.49,ABOVE-AVG MATCHUP,0.1473,33.7,⚾ Standard Matchup,55
682829,Elly De La Cruz,1,Cincinnati Reds,Eduardo Rodriguez,L,S,0.208,0.467,0.95,ABOVE-AVG MATCHUP,0.1469,33.5,⚾ Standard Matchup,56
553993,Eugenio Suárez,4,Cincinnati Reds,Eduardo Rodriguez,L,R,0.205,0.413,0.95,ABOVE-AVG MATCHUP,0.1449,32.7,⚾ Standard Matchup,57
545341,Randal Grichuk,4,Chicago White Sox,Sean Manaea,L,R,0.129,0.323,1.49,ABOVE-AVG MATCHUP,0.1432,32.0,⚾ Standard Matchup,58
680757,Steven Kwan,1,Cleveland Guardians,Tanner Gordon,R,L,0.062,0.327,2.52,ABOVE-AVG MATCHUP,0.1431,32.0,⚾ Standard Matchup,59
691783,Jordan Lawlar,7,Arizona Diamondbacks,Nick Lodolo,L,R,0.104,0.354,1.82,ABOVE-AVG MATCHUP,0.1412,31.3,⚾ Standard Matchup,60
664040,Brandon Lowe,2,Pittsburgh Pirates,Yoshinobu Yamamoto,R,L,0.227,0.48,0.83,ABOVE-AVG MATCHUP,0.1406,31.0,⚾ Standard Matchup,61
673548,Seiya Suzuki,2,Chicago Cubs,Emerson Hancock,R,R,0.215,0.483,0.97,ABOVE-AVG MATCHUP,0.1401,30.8,⚾ Standard Matchup,62
699912,Jose Fernandez,8,Arizona Diamondbacks,Nick Lodolo,L,R,0.103,0.364,1.82,ABOVE-AVG MATCHUP,0.1399,30.8,⚾ Standard Matchup,63
668904,Royce Lewis,6,Minnesota Twins,Randy Vásquez,R,R,0.179,0.419,1.25,NEUTRAL TRAJECTORY,0.1399,30.8,⚾ Standard Matchup,64
693307,Dillon Dingler,4,Detroit Tigers,Noah Cameron,L,R,0.235,0.49,0.87,ABOVE-AVG MATCHUP,0.1359,29.2,⚾ Standard Matchup,65
686668,Brenton Doyle,6,Chicago White Sox,Sean Manaea,L,R,0.121,0.333,1.49,ABOVE-AVG MATCHUP,0.1349,28.9,⚾ Standard Matchup,66
694203,Denzer Guzman,6,Los Angeles Angels,MacKenzie Gore,L,R,0.132,0.368,1.35,ABOVE-AVG MATCHUP,0.1335,28.4,⚾ Standard Matchup,67
665833,Oneil Cruz,5,Pittsburgh Pirates,Yoshinobu Yamamoto,R,L,0.214,0.48,0.83,ABOVE-AVG MATCHUP,0.1331,28.2,⚾ Standard Matchup,68
605137,Josh Bell,3,Minnesota Twins,Randy Vásquez,R,S,0.175,0.433,1.21,NEUTRAL TRAJECTORY,0.133,28.2,⚾ Standard Matchup,69
686797,Brooks Lee,8,Minnesota Twins,Randy Vásquez,R,S,0.175,0.419,1.21,NEUTRAL TRAJECTORY,0.133,28.2,⚾ Standard Matchup,70
677649,Ezequiel Duran,5,Texas Rangers,Reid Detmers,L,R,0.169,0.434,1.1,NEUTRAL TRAJECTORY,0.1327,28.1,⚾ Standard Matchup,71
518692,Freddie Freeman,2,Los Angeles Dodgers,Bubba Chandler,R,L,0.165,0.468,1.12,NEUTRAL TRAJECTORY,0.1319,27.8,⚾ Standard Matchup,72
687093,Vaughn Grissom,4,Los Angeles Angels,MacKenzie Gore,L,R,0.128,0.377,1.35,ABOVE-AVG MATCHUP,0.1297,27.0,⚾ Standard Matchup,73
687597,Jordan Beck,6,Colorado Rockies,Joey Cantillo,L,R,0.125,0.304,1.17,NEUTRAL TRAJECTORY,0.1286,26.6,⚾ Standard Matchup,74
572233,Christian Walker,5,Houston Astros,J.T. Ginn,R,R,0.21,0.44,0.8,ABOVE-AVG MATCHUP,0.1263,25.8,⚾ Standard Matchup,75
622268,Donovan Walton,8,Athletics,Hayden Wesneski,R,L,0.109,0.327,1.54,ABOVE-AVG MATCHUP,0.1262,25.8,⚾ Standard Matchup,76
672724,Oswald Peraza,9,Los Angeles Angels,MacKenzie Gore,L,R,0.124,0.352,1.35,ABOVE-AVG MATCHUP,0.1259,25.7,⚾ Standard Matchup,77
701807,Carson Benge,4,New York Mets,Sean Burke,R,L,0.146,0.418,1.2,NEUTRAL TRAJECTORY,0.1255,25.5,⚾ Standard Matchup,78
678662,Ezequiel Tovar,9,Colorado Rockies,Joey Cantillo,L,R,0.121,0.326,1.17,NEUTRAL TRAJECTORY,0.1248,25.3,⚾ Standard Matchup,79
665487,Fernando Tatis Jr.,1,San Diego Padres,Connor Prielipp,L,R,0.154,0.434,1.27,NEUTRAL TRAJECTORY,0.1235,25.0,⚾ Standard Matchup,80
701538,Jackson Merrill,5,San Diego Padres,Connor Prielipp,L,L,0.168,0.408,1.16,NEUTRAL TRAJECTORY,0.123,25.0,⚾ Standard Matchup,81
663616,Trevor Larnach,7,Minnesota Twins,Randy Vásquez,R,L,0.154,0.422,1.21,NEUTRAL TRAJECTORY,0.118,25.0,⚾ Standard Matchup,82
683737,Michael Busch,3,Chicago Cubs,Emerson Hancock,R,L,0.144,0.386,1.26,NEUTRAL TRAJECTORY,0.1175,25.0,⚾ Standard Matchup,83
607043,Brandon Nimmo,4,Texas Rangers,Reid Detmers,L,L,0.161,0.429,1.01,NEUTRAL TRAJECTORY,0.1171,25.0,⚾ Standard Matchup,84
672275,Patrick Bailey,8,Cleveland Guardians,Tanner Gordon,R,S,0.05,0.183,2.52,ABOVE-AVG MATCHUP,0.1171,25.0,⚾ Standard Matchup,85
681198,TJ Rumfield,4,Colorado Rockies,Joey Cantillo,L,L,0.155,0.447,0.83,NEUTRAL TRAJECTORY,0.1141,25.0,⚾ Standard Matchup,86
669242,Tommy Edman,7,Los Angeles Dodgers,Bubba Chandler,R,S,0.141,0.412,1.12,NEUTRAL TRAJECTORY,0.1139,25.0,⚾ Standard Matchup,87
643446,Jeff McNeil,2,Athletics,Hayden Wesneski,R,L,0.096,0.357,1.54,ABOVE-AVG MATCHUP,0.1121,25.0,⚾ Standard Matchup,88
690924,Braxton Fulford,8,Colorado Rockies,Joey Cantillo,L,R,0.107,0.292,1.17,NEUTRAL TRAJECTORY,0.1112,25.0,⚾ Standard Matchup,89
686469,Vinnie Pasquantino,5,Kansas City Royals,Troy Melton,R,L,0.123,0.367,1.33,ABOVE-AVG MATCHUP,0.1103,25.0,⚾ Standard Matchup,90
663656,Kyle Tucker,6,Los Angeles Dodgers,Bubba Chandler,R,L,0.136,0.368,1.12,NEUTRAL TRAJECTORY,0.1101,25.0,⚾ Standard Matchup,91
679529,Spencer Torkelson,6,Detroit Tigers,Noah Cameron,L,R,0.187,0.411,0.87,ABOVE-AVG MATCHUP,0.1097,25.0,⚾ Standard Matchup,92
701162,Ben Malgeri,7,Detroit Tigers,Noah Cameron,L,R,0.187,0.441,0.87,ABOVE-AVG MATCHUP,0.1097,25.0,⚾ Standard Matchup,93
662139,Daulton Varsho,4,Houston Astros,J.T. Ginn,R,L,0.132,0.375,1.14,NEUTRAL TRAJECTORY,0.1088,25.0,⚾ Standard Matchup,94
686555,Isaac Collins,8,Kansas City Royals,Troy Melton,R,S,0.121,0.348,1.33,ABOVE-AVG MATCHUP,0.1086,25.0,⚾ Standard Matchup,95
680574,Matt McLain,5,Cincinnati Reds,Eduardo Rodriguez,L,R,0.158,0.358,0.95,NEUTRAL TRAJECTORY,0.1086,25.0,⚾ Standard Matchup,96
699393,Pedro Ramírez,7,Chicago Cubs,Emerson Hancock,R,S,0.131,0.416,1.26,NEUTRAL TRAJECTORY,0.1075,25.0,⚾ Standard Matchup,97
805999,A.J. Ewing,1,New York Mets,Sean Burke,R,L,0.123,0.371,1.2,NEUTRAL TRAJECTORY,0.1069,25.0,⚾ Standard Matchup,98
671976,Tristan Peters,9,Chicago White Sox,Sean Manaea,L,L,0.154,0.424,0.95,NEUTRAL TRAJECTORY,0.106,25.0,⚾ Standard Matchup,99
701358,Cam Smith,7,Houston Astros,J.T. Ginn,R,R,0.176,0.397,0.8,NEUTRAL TRAJECTORY,0.1022,25.0,⚾ Standard Matchup,100
624431,Jose Trevino,7,Cincinnati Reds,Eduardo Rodriguez,L,R,0.147,0.392,0.95,NEUTRAL TRAJECTORY,0.1014,25.0,⚾ Standard Matchup,101
683146,Brett Baty,7,New York Mets,Sean Burke,R,L,0.115,0.327,1.2,NEUTRAL TRAJECTORY,0.1003,25.0,⚾ Standard Matchup,102
668804,Bryan Reynolds,3,Pittsburgh Pirates,Yoshinobu Yamamoto,R,S,0.166,0.427,0.83,NEUTRAL TRAJECTORY,0.1001,25.0,⚾ Standard Matchup,103
703601,Max Clark,8,Detroit Tigers,Noah Cameron,L,L,0.143,0.414,1.08,NEUTRAL TRAJECTORY,0.0997,25.0,⚾ Standard Matchup,104
682626,Francisco Alvarez,9,New York Mets,Sean Burke,R,R,0.173,0.413,0.79,NEUTRAL TRAJECTORY,0.0993,25.0,⚾ Standard Matchup,105
805808,Kevin McGonigle,3,Detroit Tigers,Noah Cameron,L,L,0.142,0.424,1.08,NEUTRAL TRAJECTORY,0.0991,25.0,⚾ Standard Matchup,106
668709,JJ Bleday,6,Cincinnati Reds,Eduardo Rodriguez,L,L,0.214,0.433,0.59,ABOVE-AVG MATCHUP,0.0965,25.0,⚾ Standard Matchup,107
608324,Alex Bregman,4,Chicago Cubs,Emerson Hancock,R,R,0.149,0.404,0.97,NEUTRAL TRAJECTORY,0.0948,25.0,⚾ Standard Matchup,108
669384,Raynel Delgado,8,Houston Astros,J.T. Ginn,R,L,0.114,0.371,1.14,NEUTRAL TRAJECTORY,0.0947,25.0,⚾ Standard Matchup,109
682998,Corbin Carroll,2,Arizona Diamondbacks,Nick Lodolo,L,L,0.238,0.484,0.52,ABOVE-AVG MATCHUP,0.0947,25.0,⚾ Standard Matchup,110
553869,Elias Díaz,8,Texas Rangers,Reid Detmers,L,R,0.118,0.346,1.1,NEUTRAL TRAJECTORY,0.0946,25.0,⚾ Standard Matchup,111
670623,Isaac Paredes,3,Houston Astros,J.T. Ginn,R,R,0.162,0.424,0.8,NEUTRAL TRAJECTORY,0.0945,25.0,⚾ Standard Matchup,112
666023,Freddy Fermin,8,San Diego Padres,Connor Prielipp,L,R,0.115,0.309,1.27,NEUTRAL TRAJECTORY,0.0937,25.0,⚾ Standard Matchup,113
664728,Kyle Isbel,9,Kansas City Royals,Troy Melton,R,L,0.103,0.332,1.33,ABOVE-AVG MATCHUP,0.0932,25.0,⚾ Standard Matchup,114
701785,Kaelen Culpepper,9,Minnesota Twins,Randy Vásquez,R,R,0.115,0.429,1.25,NEUTRAL TRAJECTORY,0.0923,25.0,⚾ Standard Matchup,115
694497,Evan Carter,9,Texas Rangers,Reid Detmers,L,L,0.125,0.319,1.01,NEUTRAL TRAJECTORY,0.0921,25.0,⚾ Standard Matchup,116
687462,Spencer Horwitz,1,Pittsburgh Pirates,Yoshinobu Yamamoto,R,L,0.15,0.406,0.83,NEUTRAL TRAJECTORY,0.0909,25.0,⚾ Standard Matchup,117
593428,Xander Bogaerts,6,San Diego Padres,Connor Prielipp,L,R,0.109,0.329,1.27,NEUTRAL TRAJECTORY,0.089,25.0,⚾ Standard Matchup,118
514888,Jose Altuve,1,Houston Astros,J.T. Ginn,R,R,0.15,0.395,0.8,NEUTRAL TRAJECTORY,0.0878,25.0,⚾ Standard Matchup,119
676439,Hunter Feduccia,9,Los Angeles Dodgers,Bubba Chandler,R,L,0.106,0.34,1.12,NEUTRAL TRAJECTORY,0.0869,25.0,⚾ Standard Matchup,120
518595,Travis d'Arnaud,8,Los Angeles Angels,MacKenzie Gore,L,R,0.083,0.271,1.35,ABOVE-AVG MATCHUP,0.0861,25.0,⚾ Standard Matchup,121
673357,Luis Robert Jr.,6,New York Mets,Sean Burke,R,R,0.147,0.362,0.79,NEUTRAL TRAJECTORY,0.0851,25.0,⚾ Standard Matchup,122
807712,Luke Keaschall,1,Minnesota Twins,Randy Vásquez,R,R,0.105,0.377,1.25,NEUTRAL TRAJECTORY,0.0846,25.0,⚾ Standard Matchup,123
701678,Hao-Yu Lee,2,Detroit Tigers,Noah Cameron,L,R,0.148,0.424,0.87,NEUTRAL TRAJECTORY,0.0839,25.0,⚾ Standard Matchup,124
543760,Marcus Semien,8,New York Mets,Sean Burke,R,R,0.142,0.351,0.79,NEUTRAL TRAJECTORY,0.0823,25.0,⚾ Standard Matchup,125
673237,Yainer Diaz,6,Houston Astros,J.T. Ginn,R,R,0.14,0.394,0.8,NEUTRAL TRAJECTORY,0.0822,25.0,⚾ Standard Matchup,126
667472,Dane Myers,3,Cincinnati Reds,Eduardo Rodriguez,L,R,0.111,0.367,0.95,NEUTRAL TRAJECTORY,0.0776,25.0,🛑 FADE: Under Low Power,127
669720,Austin Hays,7,San Diego Padres,Connor Prielipp,L,R,0.093,0.326,1.27,NEUTRAL TRAJECTORY,0.0765,25.0,🛑 FADE: Under Low Power,128
650402,Gleyber Torres,1,Detroit Tigers,Noah Cameron,L,R,0.13,0.401,0.87,NEUTRAL TRAJECTORY,0.074,25.0,🛑 FADE: Under Low Power,129
693304,Nick Gonzales,4,Pittsburgh Pirates,Yoshinobu Yamamoto,R,R,0.094,0.404,1.06,NEUTRAL TRAJECTORY,0.0734,25.0,🛑 FADE: Under Low Power,130
663647,Ke'Bryan Hayes,9,Cincinnati Reds,Eduardo Rodriguez,L,R,0.103,0.255,0.95,NEUTRAL TRAJECTORY,0.0722,25.0,🛑 FADE: Under Low Power,131
608348,Carson Kelly,9,Chicago Cubs,Emerson Hancock,R,R,0.112,0.372,0.97,NEUTRAL TRAJECTORY,0.0721,25.0,🛑 FADE: Under Low Power,132
666182,Bo Bichette,3,New York Mets,Sean Burke,R,R,0.122,0.388,0.79,NEUTRAL TRAJECTORY,0.0711,25.0,🛑 FADE: Under Low Power,133
621493,Taylor Ward,6,Seattle Mariners,Matthew Boyd,L,R,0.053,0.211,1.77,ABOVE-AVG MATCHUP,0.0656,25.0,🛑 FADE: Under Low Power,134
686527,Dominic Canzone,3,Seattle Mariners,Matthew Boyd,L,L,0.232,0.494,0.4,ABOVE-AVG MATCHUP,0.0649,25.0,🛑 FADE: Under Low Power,135
663538,Nico Hoerner,6,Chicago Cubs,Emerson Hancock,R,R,0.098,0.362,0.97,NEUTRAL TRAJECTORY,0.0634,25.0,🛑 FADE: Under Low Power,136
694208,Moisés Ballesteros,3,Los Angeles Angels,MacKenzie Gore,L,L,0.154,0.385,0.55,NEUTRAL TRAJECTORY,0.0628,25.0,🛑 FADE: Under Low Power,137
666139,Josh Lowe,7,Los Angeles Angels,MacKenzie Gore,L,L,0.153,0.366,0.55,NEUTRAL TRAJECTORY,0.0624,25.0,🛑 FADE: Under Low Power,138
694378,Jacob Gonzalez,8,Pittsburgh Pirates,Yoshinobu Yamamoto,R,L,0.116,0.36,0.83,POWER SUPPRESSED,0.0607,25.0,🛑 FADE: Under Low Power,139
682668,Luisangel Acuña,7,Chicago White Sox,Sean Manaea,L,R,0.05,0.269,1.49,ABOVE-AVG MATCHUP,0.0581,25.0,🛑 FADE: Under Low Power,140
668670,Jake Rogers,8,Chicago White Sox,Sean Manaea,L,R,0.05,0.1,1.49,ABOVE-AVG MATCHUP,0.0581,25.0,🛑 FADE: Under Low Power,141
630105,Jake Cronenworth,9,San Diego Padres,Connor Prielipp,L,L,0.073,0.298,1.16,NEUTRAL TRAJECTORY,0.0555,25.0,🛑 FADE: Under Low Power,142
669707,Jared Triolo,9,Pittsburgh Pirates,Yoshinobu Yamamoto,R,R,0.07,0.308,1.06,NEUTRAL TRAJECTORY,0.0552,25.0,🛑 FADE: Under Low Power,143
595879,Javier Báez,9,Detroit Tigers,Noah Cameron,L,R,0.095,0.35,0.87,NEUTRAL TRAJECTORY,0.0547,25.0,🛑 FADE: Under Low Power,144
669911,Michael Toglia,8,Cincinnati Reds,Eduardo Rodriguez,L,S,0.077,0.192,0.95,NEUTRAL TRAJECTORY,0.0545,25.0,🛑 FADE: Under Low Power,145
681624,Andy Pages,3,Los Angeles Dodgers,Bubba Chandler,R,R,0.187,0.459,0.32,ABOVE-AVG MATCHUP,0.047,25.0,🛑 FADE: Under Low Power,146
663968,Jake Mangum,7,Pittsburgh Pirates,Yoshinobu Yamamoto,R,S,0.089,0.387,0.83,POWER SUPPRESSED,0.0469,25.0,🛑 FADE: Under Low Power,147
669397,Nick Allen,9,Houston Astros,J.T. Ginn,R,R,0.084,0.345,0.8,POWER SUPPRESSED,0.0428,25.0,🛑 FADE: Under Low Power,148
605141,Mookie Betts,5,Los Angeles Dodgers,Bubba Chandler,R,R,0.175,0.412,0.32,NEUTRAL TRAJECTORY,0.042,25.0,🛑 FADE: Under Low Power,149
650859,Luis Rengifo,2,San Diego Padres,Connor Prielipp,L,S,0.05,0.254,1.27,NEUTRAL TRAJECTORY,0.0419,25.0,🛑 FADE: Under Low Power,150
683227,Cody Freeman,7,Texas Rangers,Reid Detmers,L,R,0.05,0.259,1.1,NEUTRAL TRAJECTORY,0.0412,25.0,🛑 FADE: Under Low Power,151
702284,Cole Young,8,Seattle Mariners,Matthew Boyd,L,L,0.141,0.395,0.4,NEUTRAL TRAJECTORY,0.0381,25.0,🛑 FADE: Under Low Power,152
680977,Brendan Donovan,1,Seattle Mariners,Matthew Boyd,L,L,0.136,0.409,0.4,NEUTRAL TRAJECTORY,0.0368,25.0,🛑 FADE: Under Low Power,153
606192,Teoscar Hernández,8,Los Angeles Dodgers,Bubba Chandler,R,R,0.151,0.401,0.32,NEUTRAL TRAJECTORY,0.0363,25.0,🛑 FADE: Under Low Power,154
677951,Bobby Witt Jr.,2,Kansas City Royals,Troy Melton,R,R,0.177,0.463,0.25,NEUTRAL TRAJECTORY,0.0296,25.0,🛑 FADE: Under Low Power,155
521692,Salvador Perez,4,Kansas City Royals,Troy Melton,R,R,0.149,0.368,0.25,NEUTRAL TRAJECTORY,0.025,25.0,🛑 FADE: Under Low Power,156
679845,Nick Loftin,6,Kansas City Royals,Troy Melton,R,R,0.143,0.374,0.25,NEUTRAL TRAJECTORY,0.024,25.0,🛑 FADE: Under Low Power,157
647304,Josh Naylor,5,Seattle Mariners,Matthew Boyd,L,L,0.103,0.371,0.4,POWER SUPPRESSED,0.0238,25.0,🛑 FADE: Under Low Power,158
703607,Henry Bolte,1,Athletics,Hayden Wesneski,R,R,0.098,0.367,0.0,POWER SUPPRESSED,0.0198,25.0,🛑 FADE: Under Low Power,159
680869,Zack Gelof,3,Athletics,Hayden Wesneski,R,R,0.212,0.481,0.0,ABOVE-AVG MATCHUP,0.0198,25.0,🛑 FADE: Under Low Power,160
695720,Tommy White,6,Athletics,Hayden Wesneski,R,R,0.073,0.33,0.0,POWER SUPPRESSED,0.0198,25.0,🛑 FADE: Under Low Power,161
691777,Max Muncy,9,Athletics,Hayden Wesneski,R,R,0.16,0.376,0.0,NEUTRAL TRAJECTORY,0.0198,25.0,🛑 FADE: Under Low Power,162
