player_id,player_name,order,team,opp_pitcher,true_ab,blended_slg,bb_pct,p_slg_allowed,expected_tb,score,target_call,rank
814430,Brett Callahan,2,Detroit Tigers,Drew Rasmussen,4.27,0.544,5.1,0.405,2.3,99.0,💎 TB LOCK: Elite SLG & AB Volume,1
680664,Eduardo Valencia,6,Detroit Tigers,Drew Rasmussen,3.89,0.595,5.1,0.405,2.29,99.0,💎 TB LOCK: Elite SLG & AB Volume,2
700652,Kenny Piper,7,Tampa Bay Rays,Framber Valdez,3.42,0.625,5.1,0.405,2.11,99.0,💎 TB LOCK: Elite SLG & AB Volume,3
665052,Griffin Conine,5,Miami Marlins,Ranger Suarez,3.89,0.534,5.1,0.405,2.05,99.0,💎 TB LOCK: Elite SLG & AB Volume,4
665953,Andrés Chaparro,2,Washington Nationals,Ryan Feltner,4.27,0.479,5.1,0.405,2.02,99.0,💎 TB LOCK: Elite SLG & AB Volume,5
687605,Andrew Pinckney,3,Washington Nationals,Ryan Feltner,4.27,0.513,5.1,0.405,2.16,99.0,💎 TB LOCK: Elite SLG & AB Volume,6
608324,Alex Bregman,1,Chicago Cubs,Merrill Kelly,4.27,0.523,5.1,0.405,2.21,99.0,💎 TB LOCK: Elite SLG & AB Volume,7
650559,Bryan De La Cruz,3,Philadelphia Phillies,Logan Gilbert,4.27,0.493,5.1,0.405,2.08,99.0,💎 TB LOCK: Elite SLG & AB Volume,8
665487,Fernando Tatis Jr.,2,San Diego Padres,Braxton Ashcraft,4.27,0.593,5.1,0.405,2.5,99.0,💎 TB LOCK: Elite SLG & AB Volume,9
661531,Brian Serven,2,Athletics,Zebby Matthews,4.27,0.512,5.1,0.405,2.16,99.0,💎 TB LOCK: Elite SLG & AB Volume,10
664040,Brandon Lowe,2,Pittsburgh Pirates,Robbie Ray,4.27,0.474,5.1,0.405,2.0,99.0,💎 TB LOCK: Elite SLG & AB Volume,11
672569,Gustavo Campero,4,Los Angeles Angels,Parker Messick,3.89,0.514,5.1,0.405,1.98,98.8,💎 TB LOCK: Elite SLG & AB Volume,12
694673,Abimelec Ortiz,1,Washington Nationals,Ryan Feltner,4.27,0.466,5.1,0.405,1.97,98.4,💎 TB LOCK: Elite SLG & AB Volume,13
682998,Corbin Carroll,1,Arizona Diamondbacks,Kevin Gausman,4.27,0.466,5.1,0.405,1.97,98.3,💎 TB LOCK: Elite SLG & AB Volume,14
686797,Brooks Lee,3,Minnesota Twins,Jeffrey Springs,4.27,0.464,5.1,0.405,1.96,97.8,💎 TB LOCK: Elite SLG & AB Volume,15
664954,Brett Sullivan,2,Colorado Rockies,Cade Cavalli,4.27,0.455,5.1,0.405,1.92,95.9,💎 TB LOCK: Elite SLG & AB Volume,16
672515,Gabriel Moreno,2,Arizona Diamondbacks,Kevin Gausman,4.27,0.451,5.1,0.405,1.9,95.1,💎 TB LOCK: Elite SLG & AB Volume,17
701162,Ben Malgeri,1,Detroit Tigers,Drew Rasmussen,4.27,0.437,5.1,0.405,1.84,92.1,💎 TB LOCK: Elite SLG & AB Volume,18
608369,Corey Seager,3,Texas Rangers,José Urquidy,4.27,0.437,5.1,0.405,1.84,92.1,💎 TB LOCK: Elite SLG & AB Volume,19
678246,Miguel Vargas,9,Chicago White Sox,Kumar Rocker,3.42,0.54,5.1,0.405,1.82,91.1,💎 TB LOCK: Elite SLG & AB Volume,20
547180,Bryce Harper,4,Philadelphia Phillies,Logan Gilbert,3.89,0.467,5.1,0.405,1.79,89.7,💎 TB LOCK: Elite SLG & AB Volume,21
805811,Bryce Eldridge,2,San Francisco Giants,Chase Burns,4.27,0.421,5.1,0.405,1.78,88.8,💎 TB LOCK: Elite SLG & AB Volume,22
664761,Alec Bohm,1,Philadelphia Phillies,Logan Gilbert,4.27,0.419,5.1,0.405,1.77,88.4,💎 TB LOCK: Elite SLG & AB Volume,23
543510,James McCann,5,Arizona Diamondbacks,Kevin Gausman,3.89,0.459,5.1,0.405,1.76,88.2,💎 TB LOCK: Elite SLG & AB Volume,24
656577,Alex Jackson,2,Minnesota Twins,Jeffrey Springs,4.27,0.417,5.1,0.405,1.76,87.9,💎 TB LOCK: Elite SLG & AB Volume,25
682657,Angel Martínez,2,Cleveland Guardians,George Klassen,4.27,0.416,5.1,0.405,1.76,87.8,💎 TB LOCK: Elite SLG & AB Volume,26
664023,Ian Happ,4,Chicago Cubs,Merrill Kelly,3.89,0.456,5.1,0.405,1.75,87.6,💎 TB LOCK: Elite SLG & AB Volume,27
666176,Jo Adell,7,Cleveland Guardians,George Klassen,3.42,0.515,5.1,0.405,1.74,87.0,💎 TB LOCK: Elite SLG & AB Volume,28
664983,Jake McCarthy,6,Colorado Rockies,Cade Cavalli,3.89,0.45,5.1,0.405,1.73,86.6,💎 TB LOCK: Elite SLG & AB Volume,29
691406,Junior Caminero,6,Tampa Bay Rays,Framber Valdez,3.89,0.45,5.1,0.405,1.73,86.5,💎 TB LOCK: Elite SLG & AB Volume,30
701538,Jackson Merrill,5,San Diego Padres,Braxton Ashcraft,3.89,0.45,5.1,0.405,1.73,86.4,💎 TB LOCK: Elite SLG & AB Volume,31
668800,Andrew Knizner,1,San Francisco Giants,Chase Burns,4.27,0.4,5.1,0.405,1.69,84.4,💎 TB LOCK: Elite SLG & AB Volume,32
691277,Deyvison De Los Santos,3,Miami Marlins,Ranger Suarez,4.27,0.4,5.1,0.405,1.69,84.3,💎 TB LOCK: Elite SLG & AB Volume,33
701785,Kaelen Culpepper,6,Minnesota Twins,Jeffrey Springs,3.89,0.435,5.1,0.405,1.67,83.7,💎 TB LOCK: Elite SLG & AB Volume,34
605137,Josh Bell,5,Minnesota Twins,Jeffrey Springs,3.89,0.436,5.1,0.405,1.67,83.7,💎 TB LOCK: Elite SLG & AB Volume,35
553993,Eugenio Suárez,3,Cincinnati Reds,TBD Pitcher,4.27,0.39,5.1,0.41,1.67,83.3,💎 TB LOCK: Elite SLG & AB Volume,36
667452,Corey Julks,4,Detroit Tigers,Drew Rasmussen,3.89,0.433,5.1,0.405,1.67,83.3,💎 TB LOCK: Elite SLG & AB Volume,37
669016,Brandon Marsh,2,Philadelphia Phillies,Logan Gilbert,4.27,0.393,5.1,0.405,1.66,83.0,💎 TB LOCK: Elite SLG & AB Volume,38
800050,Chase DeLauter,5,Cleveland Guardians,George Klassen,3.89,0.431,5.1,0.405,1.66,82.9,💎 TB LOCK: Elite SLG & AB Volume,39
691783,Jordan Lawlar,6,Arizona Diamondbacks,Kevin Gausman,3.89,0.429,5.1,0.405,1.65,82.4,💎 TB LOCK: Elite SLG & AB Volume,40
682928,CJ Abrams,5,Washington Nationals,Ryan Feltner,3.89,0.428,5.1,0.405,1.64,82.2,💎 TB LOCK: Elite SLG & AB Volume,41
681715,Heriberto Hernández,6,Miami Marlins,Ranger Suarez,3.89,0.421,5.1,0.405,1.62,80.8,💎 TB LOCK: Elite SLG & AB Volume,42
682829,Elly De La Cruz,2,Cincinnati Reds,TBD Pitcher,4.27,0.378,5.1,0.41,1.61,80.7,💎 TB LOCK: Elite SLG & AB Volume,43
678882,Ceddanne Rafaela,5,Boston Red Sox,Sandy Alcantara,3.89,0.418,5.1,0.405,1.61,80.3,💎 TB LOCK: Elite SLG & AB Volume,44
686527,Dominic Canzone,4,Seattle Mariners,Zack Wheeler,3.89,0.416,5.1,0.405,1.6,79.9,🎯 TB TARGET: Strong XBH Spot,45
643217,Andrew Benintendi,1,Chicago White Sox,Kumar Rocker,4.27,0.378,5.1,0.405,1.59,79.6,🎯 TB TARGET: Strong XBH Spot,46
657136,Connor Wong,6,Boston Red Sox,Sandy Alcantara,3.89,0.412,5.1,0.405,1.58,79.2,🎯 TB TARGET: Strong XBH Spot,47
699013,Esmerlyn Valdez,4,Pittsburgh Pirates,Robbie Ray,3.89,0.41,5.1,0.405,1.58,78.8,🎯 TB TARGET: Strong XBH Spot,48
690993,Colt Keith,3,Detroit Tigers,Drew Rasmussen,4.27,0.373,5.1,0.405,1.57,78.6,🎯 TB TARGET: Strong XBH Spot,49
802415,Chandler Simpson,2,Tampa Bay Rays,Framber Valdez,4.27,0.371,5.1,0.405,1.57,78.3,🎯 TB TARGET: Strong XBH Spot,50
805367,Chase Meidroth,4,Chicago White Sox,Kumar Rocker,3.89,0.401,5.1,0.405,1.54,77.0,🎯 TB TARGET: Strong XBH Spot,51
667472,Dane Myers,1,Cincinnati Reds,TBD Pitcher,4.27,0.361,5.1,0.41,1.54,77.0,🎯 TB TARGET: Strong XBH Spot,52
676356,Jonny DeLuca,4,Tampa Bay Rays,Framber Valdez,3.89,0.399,5.1,0.405,1.53,76.6,🎯 TB TARGET: Strong XBH Spot,53
701678,Hao-Yu Lee,8,Detroit Tigers,Drew Rasmussen,3.42,0.45,5.1,0.405,1.52,75.9,🎯 TB TARGET: Strong XBH Spot,54
682634,Kevin Alcántara,5,Chicago Cubs,Merrill Kelly,3.89,0.394,5.1,0.405,1.51,75.7,🎯 TB TARGET: Strong XBH Spot,55
642350,Jose Siri,5,Los Angeles Angels,Parker Messick,3.89,0.394,5.1,0.405,1.51,75.7,🎯 TB TARGET: Strong XBH Spot,56
657757,Gavin Sheets,4,San Diego Padres,Braxton Ashcraft,3.89,0.392,5.1,0.405,1.51,75.3,🎯 TB TARGET: Strong XBH Spot,57
703607,Henry Bolte,6,Athletics,Zebby Matthews,3.89,0.392,5.1,0.405,1.51,75.3,🎯 TB TARGET: Strong XBH Spot,58
669134,Luis Campusano,8,San Diego Padres,Braxton Ashcraft,3.42,0.445,5.1,0.405,1.5,75.1,🎯 TB TARGET: Strong XBH Spot,59
691594,Javier Sanoja,8,Miami Marlins,Ranger Suarez,3.42,0.442,5.1,0.405,1.49,74.5,🎯 TB TARGET: Strong XBH Spot,60
694197,Angel Genao,1,Cleveland Guardians,George Klassen,4.27,0.353,5.1,0.405,1.49,74.4,🎯 TB TARGET: Strong XBH Spot,61
608348,Carson Kelly,2,Chicago Cubs,Merrill Kelly,4.27,0.352,5.1,0.405,1.49,74.3,🎯 TB TARGET: Strong XBH Spot,62
647304,Josh Naylor,6,Seattle Mariners,Zack Wheeler,3.89,0.386,5.1,0.405,1.48,74.2,🎯 TB TARGET: Strong XBH Spot,63
694249,Cole Carrigg,3,Colorado Rockies,Cade Cavalli,4.27,0.352,5.1,0.405,1.48,74.2,🎯 TB TARGET: Strong XBH Spot,64
691781,Brady House,4,Washington Nationals,Ryan Feltner,3.89,0.385,5.1,0.405,1.48,73.9,🎯 TB TARGET: Strong XBH Spot,65
801126,Brock Rodden,1,Seattle Mariners,Zack Wheeler,4.27,0.35,5.1,0.405,1.48,73.9,🎯 TB TARGET: Strong XBH Spot,66
595978,Austin Hedges,3,Cleveland Guardians,George Klassen,4.27,0.349,5.1,0.405,1.47,73.7,🎯 TB TARGET: Strong XBH Spot,67
687551,Drew Gilbert,6,San Francisco Giants,Chase Burns,3.89,0.382,5.1,0.405,1.47,73.4,🎯 TB TARGET: Strong XBH Spot,68
666160,Mickey Moniak,8,Colorado Rockies,Cade Cavalli,3.42,0.435,5.1,0.405,1.47,73.4,🎯 TB TARGET: Strong XBH Spot,69
668804,Bryan Reynolds,3,Pittsburgh Pirates,Robbie Ray,4.27,0.347,5.1,0.405,1.46,73.2,🎯 TB TARGET: Strong XBH Spot,70
683737,Michael Busch,6,Chicago Cubs,Merrill Kelly,3.89,0.379,5.1,0.405,1.46,72.9,🎯 TB TARGET: Strong XBH Spot,71
622268,Donovan Walton,5,Athletics,Zebby Matthews,3.89,0.378,5.1,0.405,1.45,72.6,🎯 TB TARGET: Strong XBH Spot,72
665923,Esteury Ruiz,4,Miami Marlins,Ranger Suarez,3.89,0.377,5.1,0.405,1.45,72.5,🎯 TB TARGET: Strong XBH Spot,73
668709,JJ Bleday,6,Cincinnati Reds,TBD Pitcher,3.89,0.373,5.1,0.41,1.45,72.5,🎯 TB TARGET: Strong XBH Spot,74
695657,Colson Montgomery,5,Chicago White Sox,Kumar Rocker,3.89,0.375,5.1,0.405,1.44,72.1,🎯 TB TARGET: Strong XBH Spot,75
689414,Liam Hicks,8,Tampa Bay Rays,Framber Valdez,3.42,0.427,5.1,0.405,1.44,72.0,🎯 TB TARGET: Strong XBH Spot,76
666018,Jonathan Aranda,3,Tampa Bay Rays,Framber Valdez,4.27,0.341,5.1,0.405,1.44,71.9,🎯 TB TARGET: Strong XBH Spot,77
607043,Brandon Nimmo,1,Texas Rangers,José Urquidy,4.27,0.341,5.1,0.405,1.44,71.9,🎯 TB TARGET: Strong XBH Spot,78
666126,Carlos Cortes,3,Athletics,Zebby Matthews,4.27,0.339,5.1,0.405,1.43,71.6,🎯 TB TARGET: Strong XBH Spot,79
702332,Caleb Durbin,4,Boston Red Sox,Sandy Alcantara,3.89,0.373,5.1,0.405,1.43,71.6,🎯 TB TARGET: Strong XBH Spot,80
624428,Adam Frazier,1,Los Angeles Angels,Parker Messick,4.27,0.339,5.1,0.405,1.43,71.5,🎯 TB TARGET: Strong XBH Spot,81
665019,Kody Clemens,7,Minnesota Twins,Jeffrey Springs,3.42,0.422,5.1,0.405,1.43,71.3,🎯 TB TARGET: Strong XBH Spot,82
656537,Derek Hill,6,Philadelphia Phillies,Logan Gilbert,3.89,0.37,5.1,0.405,1.42,71.2,🎯 TB TARGET: Strong XBH Spot,83
695731,Braden Montgomery,2,Chicago White Sox,Kumar Rocker,4.27,0.337,5.1,0.405,1.42,71.1,🎯 TB TARGET: Strong XBH Spot,84
694203,Denzer Guzman,3,Los Angeles Angels,Parker Messick,4.27,0.335,5.1,0.405,1.41,70.6,🎯 TB TARGET: Strong XBH Spot,85
671732,Lawrence Butler,9,Athletics,Zebby Matthews,3.42,0.418,5.1,0.405,1.41,70.6,🎯 TB TARGET: Strong XBH Spot,86
681082,Bryson Stott,5,Philadelphia Phillies,Logan Gilbert,3.89,0.367,5.1,0.405,1.41,70.5,🎯 TB TARGET: Strong XBH Spot,87
545121,Ildemaro Vargas,4,Arizona Diamondbacks,Kevin Gausman,3.89,0.367,5.1,0.405,1.41,70.4,🎯 TB TARGET: Strong XBH Spot,88
640902,Jhonny Pereda,5,Seattle Mariners,Zack Wheeler,3.89,0.365,5.1,0.405,1.4,70.2,🎯 TB TARGET: Strong XBH Spot,89
669720,Austin Hays,1,San Diego Padres,Braxton Ashcraft,4.27,0.332,5.1,0.405,1.4,70.0,🎯 TB TARGET: Strong XBH Spot,90
663993,Nathaniel Lowe,9,Cleveland Guardians,George Klassen,3.42,0.415,5.1,0.405,1.4,69.9,🎯 TB TARGET: Strong XBH Spot,91
813841,Jonah Cox,7,San Francisco Giants,Chase Burns,3.42,0.413,5.1,0.405,1.4,69.8,🎯 TB TARGET: Strong XBH Spot,92
807712,Luke Keaschall,8,Minnesota Twins,Jeffrey Springs,3.42,0.412,5.1,0.405,1.39,69.5,🎯 TB TARGET: Strong XBH Spot,93
675961,Alika Williams,1,Athletics,Zebby Matthews,4.27,0.329,5.1,0.405,1.39,69.4,🎯 TB TARGET: Strong XBH Spot,94
678011,Anthony Seigler,3,Boston Red Sox,Sandy Alcantara,4.27,0.328,5.1,0.405,1.38,69.2,🎯 TB TARGET: Strong XBH Spot,95
695734,Daylen Lile,6,Washington Nationals,Ryan Feltner,3.89,0.359,5.1,0.405,1.38,68.9,🎯 TB TARGET: Strong XBH Spot,96
672695,Geraldo Perdomo,3,Arizona Diamondbacks,Kevin Gausman,4.27,0.326,5.1,0.405,1.38,68.8,🎯 TB TARGET: Strong XBH Spot,97
666139,Josh Lowe,6,Los Angeles Angels,Parker Messick,3.89,0.358,5.1,0.405,1.38,68.8,🎯 TB TARGET: Strong XBH Spot,98
691788,Joe Mack,9,Miami Marlins,Ranger Suarez,3.42,0.405,5.1,0.405,1.37,68.3,🎯 TB TARGET: Strong XBH Spot,99
693307,Dillon Dingler,5,Detroit Tigers,Drew Rasmussen,3.89,0.355,5.1,0.405,1.36,68.2,🎯 TB TARGET: Strong XBH Spot,100
666023,Freddy Fermin,3,San Diego Padres,Braxton Ashcraft,4.27,0.322,5.1,0.405,1.36,67.9,🎯 TB TARGET: Strong XBH Spot,101
621439,Byron Buxton,4,Minnesota Twins,Jeffrey Springs,3.89,0.352,5.1,0.405,1.35,67.6,🎯 TB TARGET: Strong XBH Spot,102
683227,Cody Freeman,2,Texas Rangers,José Urquidy,4.27,0.32,5.1,0.405,1.35,67.5,🎯 TB TARGET: Strong XBH Spot,103
655316,Andruw Monasterio,2,Boston Red Sox,Sandy Alcantara,4.27,0.319,5.1,0.405,1.35,67.3,🎯 TB TARGET: Strong XBH Spot,104
702284,Cole Young,3,Seattle Mariners,Zack Wheeler,4.27,0.317,5.1,0.405,1.34,66.9,🎯 TB TARGET: Strong XBH Spot,105
682663,Agustín Ramírez,1,Miami Marlins,Ranger Suarez,4.27,0.316,5.1,0.405,1.33,66.7,🎯 TB TARGET: Strong XBH Spot,106
663330,Jahmai Jones,8,Boston Red Sox,Sandy Alcantara,3.42,0.393,5.1,0.405,1.33,66.4,🎯 TB TARGET: Strong XBH Spot,107
592626,Joc Pederson,9,Texas Rangers,José Urquidy,3.42,0.391,5.1,0.405,1.32,66.1,🎯 TB TARGET: Strong XBH Spot,108
643446,Jeff McNeil,7,Athletics,Zebby Matthews,3.42,0.388,5.1,0.405,1.31,65.5,🎯 TB TARGET: Strong XBH Spot,109
696285,Jacob Young,9,Washington Nationals,Ryan Feltner,3.42,0.388,5.1,0.405,1.31,65.5,🎯 TB TARGET: Strong XBH Spot,110
624431,Jose Trevino,7,Cincinnati Reds,TBD Pitcher,3.42,0.383,5.1,0.41,1.31,65.4,🎯 TB TARGET: Strong XBH Spot,111
677649,Ezequiel Duran,7,Texas Rangers,José Urquidy,3.42,0.383,5.1,0.405,1.29,64.6,⚾ Standard Base Volume,112
624424,Michael Conforto,7,Chicago Cubs,Merrill Kelly,3.42,0.38,5.1,0.405,1.28,64.1,⚾ Standard Base Volume,113
669394,Jake Burger,8,Texas Rangers,José Urquidy,3.42,0.378,5.1,0.405,1.28,63.9,⚾ Standard Base Volume,114
622761,Jorge Mateo,5,Tampa Bay Rays,Framber Valdez,3.89,0.332,5.1,0.405,1.28,63.9,⚾ Standard Base Volume,115
680574,Matt McLain,9,Cincinnati Reds,TBD Pitcher,3.42,0.372,5.1,0.41,1.27,63.5,⚾ Standard Base Volume,116
553869,Elias Díaz,5,Texas Rangers,José Urquidy,3.89,0.329,5.1,0.405,1.26,63.2,⚾ Standard Base Volume,117
545361,Mike Trout,7,Los Angeles Angels,Parker Messick,3.42,0.374,5.1,0.405,1.26,63.1,⚾ Standard Base Volume,118
702176,Alan Roden,1,Minnesota Twins,Jeffrey Springs,4.27,0.297,5.1,0.405,1.25,62.6,⚾ Standard Base Volume,119
681393,Connor Norby,4,Colorado Rockies,Cade Cavalli,3.89,0.325,5.1,0.405,1.25,62.5,⚾ Standard Base Volume,120
642201,Eli White,7,Boston Red Sox,Sandy Alcantara,3.42,0.368,5.1,0.405,1.24,62.1,⚾ Standard Base Volume,121
663728,Cal Raleigh,2,Seattle Mariners,Zack Wheeler,4.27,0.294,5.1,0.405,1.24,62.0,⚾ Standard Base Volume,122
656775,Cedric Mullins,1,Tampa Bay Rays,Framber Valdez,4.27,0.294,5.1,0.405,1.24,61.9,⚾ Standard Base Volume,123
686668,Brenton Doyle,3,Chicago White Sox,Kumar Rocker,4.27,0.293,5.1,0.405,1.23,61.7,⚾ Standard Base Volume,124
805300,Jakob Marsee,7,Miami Marlins,Ranger Suarez,3.42,0.364,5.1,0.405,1.23,61.4,⚾ Standard Base Volume,125
677587,Brayan Rocchio,4,Cleveland Guardians,George Klassen,3.89,0.319,5.1,0.405,1.23,61.3,⚾ Standard Base Volume,126
694378,Jacob Gonzalez,6,Pittsburgh Pirates,Robbie Ray,3.89,0.319,5.1,0.405,1.23,61.3,⚾ Standard Base Volume,127
665804,Miguel Amaya,8,Chicago Cubs,Merrill Kelly,3.42,0.363,5.1,0.405,1.22,61.2,⚾ Standard Base Volume,128
663968,Jake Mangum,7,Pittsburgh Pirates,Robbie Ray,3.42,0.361,5.1,0.405,1.22,60.9,⚾ Standard Base Volume,129
691011,Drew Romo,6,Chicago White Sox,Kumar Rocker,3.89,0.317,5.1,0.405,1.22,60.9,⚾ Standard Base Volume,130
680776,Jarren Duran,9,Boston Red Sox,Sandy Alcantara,3.42,0.356,5.1,0.405,1.2,60.0,⚾ Standard Base Volume,131
677594,Julio Rodríguez,7,Seattle Mariners,Zack Wheeler,3.42,0.356,5.1,0.405,1.2,60.0,⚾ Standard Base Volume,132
693304,Nick Gonzales,9,Pittsburgh Pirates,Robbie Ray,3.42,0.354,5.1,0.405,1.19,59.7,⚾ Standard Base Volume,133
630105,Jake Cronenworth,6,San Diego Padres,Braxton Ashcraft,3.89,0.307,5.1,0.405,1.18,59.0,⚾ Standard Base Volume,134
808982,Jung Hoo Lee,8,San Francisco Giants,Chase Burns,3.42,0.348,5.1,0.405,1.18,58.8,⚾ Standard Base Volume,135
695670,Harry Ford,8,Washington Nationals,Ryan Feltner,3.42,0.345,5.1,0.405,1.17,58.3,⚾ Standard Base Volume,136
650402,Gleyber Torres,7,Detroit Tigers,Drew Rasmussen,3.42,0.345,5.1,0.405,1.16,58.2,⚾ Standard Base Volume,137
668904,Royce Lewis,9,Minnesota Twins,Jeffrey Springs,3.42,0.339,5.1,0.405,1.14,57.2,⚾ Standard Base Volume,138
678489,Jorge Barrosa,7,Arizona Diamondbacks,Kevin Gausman,3.42,0.338,5.1,0.405,1.14,57.0,⚾ Standard Base Volume,139
687749,Jase Bowen,7,San Diego Padres,Braxton Ashcraft,3.42,0.333,5.1,0.405,1.12,56.2,⚾ Standard Base Volume,140
678662,Ezequiel Tovar,5,Colorado Rockies,Cade Cavalli,3.89,0.288,5.1,0.405,1.11,55.3,⚾ Standard Base Volume,141
699912,Jose Fernandez,8,Arizona Diamondbacks,Kevin Gausman,3.42,0.326,5.1,0.405,1.1,55.0,⚾ Standard Base Volume,142
663743,Nick Fortes,9,Tampa Bay Rays,Framber Valdez,3.42,0.326,5.1,0.405,1.1,55.0,⚾ Standard Base Volume,143
663538,Nico Hoerner,9,Chicago Cubs,Merrill Kelly,3.42,0.325,5.1,0.405,1.1,54.9,⚾ Standard Base Volume,144
608070,José Ramírez,8,Cleveland Guardians,George Klassen,3.42,0.325,5.1,0.405,1.1,54.8,⚾ Standard Base Volume,145
624641,Edmundo Sosa,7,Philadelphia Phillies,Logan Gilbert,3.42,0.321,5.1,0.405,1.08,54.2,⚾ Standard Base Volume,146
668939,Adley Rutschman,1,Boston Red Sox,Sandy Alcantara,4.27,0.257,5.1,0.405,1.08,54.1,⚾ Standard Base Volume,147
650859,Luis Rengifo,9,San Diego Padres,Braxton Ashcraft,3.42,0.32,5.1,0.405,1.08,53.9,⚾ Standard Base Volume,148
699302,Héctor Rodríguez,4,Cincinnati Reds,TBD Pitcher,3.89,0.273,5.1,0.41,1.06,53.2,⚾ Standard Base Volume,149
686611,Dylan Crews,7,Washington Nationals,Ryan Feltner,3.42,0.313,5.1,0.405,1.06,52.8,⚾ Standard Base Volume,150
663457,Lars Nootbaar,9,Arizona Diamondbacks,Kevin Gausman,3.42,0.312,5.1,0.405,1.05,52.7,⚾ Standard Base Volume,151
640459,Brian Navarreto,2,Miami Marlins,Ranger Suarez,4.27,0.245,5.1,0.405,1.03,51.7,⚾ Standard Base Volume,152
694497,Evan Carter,6,Texas Rangers,José Urquidy,3.89,0.268,5.1,0.405,1.03,51.4,⚾ Standard Base Volume,153
595879,Javier Báez,9,Detroit Tigers,Drew Rasmussen,3.42,0.304,5.1,0.405,1.03,51.3,⚾ Standard Base Volume,154
678545,Osleivis Basabe,9,San Francisco Giants,Chase Burns,3.42,0.301,5.1,0.405,1.02,50.8,⚾ Standard Base Volume,155
681807,David Fry,6,Cleveland Guardians,George Klassen,3.89,0.263,5.1,0.405,1.01,50.6,⚾ Standard Base Volume,156
694208,Moisés Ballesteros,8,Los Angeles Angels,Parker Messick,3.42,0.3,5.1,0.405,1.01,50.6,⚾ Standard Base Volume,157
592663,J.T. Realmuto,9,Philadelphia Phillies,Logan Gilbert,3.42,0.297,5.1,0.405,1.0,50.2,⚾ Standard Base Volume,158
668670,Jake Rogers,7,Chicago White Sox,Kumar Rocker,3.42,0.293,5.1,0.405,0.99,49.4,⚾ Standard Base Volume,159
687597,Jordan Beck,7,Colorado Rockies,Cade Cavalli,3.42,0.288,5.1,0.405,0.97,48.7,⚾ Standard Base Volume,160
669707,Jared Triolo,8,Pittsburgh Pirates,Robbie Ray,3.42,0.289,5.1,0.405,0.97,48.7,⚾ Standard Base Volume,161
641680,Jonah Heim,8,Athletics,Zebby Matthews,3.42,0.286,5.1,0.405,0.97,48.3,⚾ Standard Base Volume,162
695257,Billy Cook,1,Pittsburgh Pirates,Robbie Ray,4.27,0.224,5.1,0.405,0.94,47.2,⚾ Standard Base Volume,163
643376,Danny Jansen,4,Texas Rangers,José Urquidy,3.89,0.243,5.1,0.405,0.93,46.7,⚾ Standard Base Volume,164
683766,Christian Koss,4,San Francisco Giants,Chase Burns,3.89,0.242,5.1,0.405,0.93,46.6,⚾ Standard Base Volume,165
687231,Darell Hernaiz,4,Athletics,Zebby Matthews,3.89,0.242,5.1,0.405,0.93,46.5,⚾ Standard Base Volume,166
663647,Ke'Bryan Hayes,8,Cincinnati Reds,TBD Pitcher,3.42,0.272,5.1,0.41,0.93,46.4,⚾ Standard Base Volume,167
680779,Henry Davis,5,Pittsburgh Pirates,Robbie Ray,3.89,0.235,5.1,0.405,0.9,45.1,⚾ Standard Base Volume,168
690924,Braxton Fulford,1,Colorado Rockies,Cade Cavalli,4.27,0.214,5.1,0.405,0.9,45.0,⚾ Standard Base Volume,169
672724,Oswald Peraza,9,Los Angeles Angels,Parker Messick,3.42,0.251,5.1,0.405,0.85,42.3,⚾ Standard Base Volume,170
701852,Drew Cavanaugh,5,San Francisco Giants,Chase Burns,3.89,0.219,5.1,0.405,0.84,42.1,⚾ Standard Base Volume,171
695681,Christian Moore,2,Los Angeles Angels,Parker Messick,4.27,0.2,5.1,0.405,0.84,42.1,⚾ Standard Base Volume,172
682668,Luisangel Acuña,8,Chicago White Sox,Kumar Rocker,3.42,0.226,5.1,0.405,0.76,38.2,⚾ Standard Base Volume,173
621550,Patrick Wisdom,9,Seattle Mariners,Zack Wheeler,3.42,0.212,5.1,0.405,0.72,35.8,⚾ Standard Base Volume,174
671083,Buddy Kennedy,3,San Francisco Giants,Chase Burns,4.27,0.158,5.1,0.405,0.67,33.3,⚾ Standard Base Volume,175
660844,Leo Rivas,8,Seattle Mariners,Zack Wheeler,3.42,0.178,5.1,0.405,0.6,30.0,⚾ Standard Base Volume,176
690022,Ryan Ritter,9,Colorado Rockies,Cade Cavalli,3.42,0.111,5.1,0.405,0.5,25.0,⚾ Standard Base Volume,177
672356,Gabriel Arias,3,Chicago Cubs,Merrill Kelly,4.27,0.096,5.1,0.405,0.5,25.0,⚾ Standard Base Volume,178
596117,Garrett Stubbs,8,Philadelphia Phillies,Logan Gilbert,3.42,0.145,5.1,0.405,0.5,25.0,⚾ Standard Base Volume,179
671155,Ivan Johnson,5,Cincinnati Reds,TBD Pitcher,3.89,0.083,5.1,0.41,0.5,25.0,⚾ Standard Base Volume,180
