player_name,team,opp_pitcher,p_hand,b_hand,sp_hr9_split,iso,clash_badge,hr_prob,hr_score,hr_rk,wb_score,wb_rk,exp_tb,prob_o15,tb_score,tb_rk,prob_1h,hit_score,hit_rk,avg_combo,prob_2plus,combo_score,combo_rk,consensus_score,best_prop_target,rank
Bryce Eldridge,San Francisco Giants,Patrick Sandoval,L,L,3.0,0.188,ABOVE-AVG MATCHUP,0.3408,94.3,6,20.0,200,3.6,0.8743,96.5,2,0.8892,93.4,1,3.54,0.8687,96.5,18,78.6,💎 Over 1.5 TB,1
Kenny Piper,Tampa Bay Rays,Brandon Young,R,R,1.55,0.428,ELEVATED POWER EDGE,0.4424,96.5,2,20.0,79,3.3,0.8419,96.5,4,0.8087,82.1,19,3.26,0.8369,96.5,46,77.4,💎 Over 1.5 TB,2
Eduardo Valencia,Detroit Tigers,Michael Wacha,R,R,1.77,0.394,ELEVATED POWER EDGE,0.4124,96.5,3,20.0,150,3.6,0.8743,96.5,1,0.8102,82.4,17,3.32,0.844,96.5,37,77.4,💎 Over 1.5 TB,3
Daz Cameron,Toronto Blue Jays,Ryan Weathers,L,R,1.35,0.363,ELEVATED POWER EDGE,0.395,96.5,5,20.0,7,3.04,0.8068,96.5,5,0.8103,82.4,16,3.43,0.8568,96.5,25,77.4,💎 Over 1.5 TB,4
Mickey Moniak,Colorado Rockies,Tanner Bibee,R,L,2.05,0.27,ELEVATED POWER EDGE,0.4438,96.5,1,20.0,252,2.93,0.7901,96.5,7,0.7558,68.6,39,3.16,0.8232,96.4,58,75.2,💎 Over 1.5 TB,5
Jordan Walker,St. Louis Cardinals,Andrew Painter,R,R,1.65,0.222,ELEVATED POWER EDGE,0.3092,90.3,11,20.0,62,2.56,0.7253,92.1,12,0.816,83.5,15,3.09,0.8134,95.9,69,74.8,💎 Over 1.5 TB,6
Jung Hoo Lee,San Francisco Giants,Patrick Sandoval,L,L,3.0,0.139,ABOVE-AVG MATCHUP,0.2652,80.9,28,20.0,206,3.44,0.8576,96.5,3,0.8892,93.4,4,2.91,0.7867,94.5,97,74.6,💎 Over 1.5 TB,7
Alec Burleson,St. Louis Cardinals,Andrew Painter,R,L,1.89,0.2,ABOVE-AVG MATCHUP,0.2943,87.7,18,20.0,55,2.47,0.7059,89.9,17,0.8403,87.7,8,3.8,0.8926,96.5,1,74.3,💎 Over 1.5 TB,8
Jake McCarthy,Colorado Rockies,Tanner Bibee,R,L,2.05,0.193,ABOVE-AVG MATCHUP,0.3181,91.7,8,20.0,249,2.52,0.7159,91.1,14,0.7897,77.8,26,3.24,0.8343,96.5,51,74.1,💎 Over 1.5 TB,9
Drew Gilbert,San Francisco Giants,Patrick Sandoval,L,L,3.0,0.137,ABOVE-AVG MATCHUP,0.2619,80.0,29,20.0,204,3.02,0.8043,96.5,6,0.8892,93.4,3,2.59,0.7307,89.7,141,73.7,💎 Over 1.5 TB,10
Cole Carrigg,Colorado Rockies,Tanner Bibee,R,S,2.05,0.188,ABOVE-AVG MATCHUP,0.3113,90.7,10,20.0,246,2.44,0.6998,89.1,18,0.7782,74.9,31,3.8,0.8926,96.5,9,73.0,💎 Over 1.5 TB,11
Junior Caminero,Tampa Bay Rays,Brandon Young,R,R,1.55,0.26,ELEVATED POWER EDGE,0.2987,88.6,16,20.0,78,2.48,0.7087,90.2,16,0.776,74.3,32,2.87,0.7799,94.0,100,72.2,💎 Over 1.5 TB,12
Corey Julks,Detroit Tigers,Michael Wacha,R,R,1.77,0.25,ELEVATED POWER EDGE,0.2864,86.1,21,20.0,148,2.74,0.7586,94.9,8,0.7011,50.4,83,3.09,0.8137,95.9,68,69.0,💎 Over 1.5 TB,13
Brett Sullivan,Colorado Rockies,Tanner Bibee,R,L,2.05,0.202,ABOVE-AVG MATCHUP,0.3301,93.2,7,20.0,245,2.28,0.6651,83.4,21,0.7019,50.7,81,3.55,0.8689,96.5,17,68.5,💎 Over 1.5 TB,14
Dillon Dingler,Detroit Tigers,Michael Wacha,R,R,1.77,0.233,ELEVATED POWER EDGE,0.2698,82.1,25,20.0,149,2.66,0.7436,93.8,10,0.7039,51.4,80,3.25,0.8356,96.5,49,67.8,💎 Over 1.5 TB,15
Bryan De La Cruz,Philadelphia Phillies,TBD Pitcher,R,R,1.2,0.226,ABOVE-AVG MATCHUP,0.2212,65.7,45,20.0,66,2.51,0.715,91.0,15,0.8166,83.6,14,3.8,0.8926,96.5,2,67.8,💎 Over 1.5 TB,16
Andrew Pinckney,Washington Nationals,Eury Pérez,R,R,1.57,0.384,ELEVATED POWER EDGE,0.4119,96.5,4,20.0,39,2.54,0.7203,91.6,13,0.5989,25.0,176,3.31,0.8426,96.5,39,67.2,💎 Over 1.5 TB,17
Corbin Carroll,Arizona Diamondbacks,Rhett Lowder,R,L,1.63,0.238,ELEVATED POWER EDGE,0.2893,86.7,19,20.0,226,2.27,0.6618,82.7,22,0.7011,50.4,85,3.36,0.8491,96.5,29,66.5,💎 Over 1.5 TB,18
Ezequiel Duran,Texas Rangers,Ryan Johnson,R,R,2.49,0.17,ABOVE-AVG MATCHUP,0.2884,86.5,20,20.0,106,2.07,0.6138,71.0,35,0.7495,66.7,40,2.59,0.7301,89.7,143,65.7,🎯 1+ Hit Anchor,19
Jeremy Peña,Houston Astros,Jacob Lopez,L,R,1.85,0.186,ABOVE-AVG MATCHUP,0.2417,73.5,34,20.0,123,2.15,0.6342,76.5,24,0.7884,77.5,27,2.71,0.7531,92.0,123,65.2,🎯 1+ Hit Anchor,20
Everson Pereira,St. Louis Cardinals,Andrew Painter,R,R,1.65,0.213,ABOVE-AVG MATCHUP,0.2768,83.9,23,20.0,58,2.07,0.6122,70.5,36,0.7069,52.4,78,3.34,0.8459,96.5,35,63.4,🔥 1.5+ H+R+RBI,21
Jake Burger,Texas Rangers,Ryan Johnson,R,R,2.49,0.181,ABOVE-AVG MATCHUP,0.3039,89.5,15,20.0,107,2.08,0.6144,71.1,34,0.6989,49.6,90,2.33,0.6766,82.0,172,62.9,🔥 1.5+ H+R+RBI,22
Griffin Conine,Miami Marlins,Jake Irvin,R,L,1.39,0.273,ELEVATED POWER EDGE,0.284,85.6,22,20.0,47,2.15,0.6322,76.0,25,0.6585,35.9,127,3.62,0.8765,96.5,12,62.4,🔥 1.5+ H+R+RBI,23
Andrés Chaparro,Washington Nationals,Eury Pérez,R,R,1.57,0.276,ELEVATED POWER EDGE,0.3172,91.5,9,20.0,38,2.15,0.6319,75.9,26,0.619,25.0,160,3.13,0.8196,96.2,62,62.3,🔥 1.5+ H+R+RBI,24
Brandon Lowe,Pittsburgh Pirates,Tarik Skubal,L,L,1.37,0.227,ELEVATED POWER EDGE,0.2395,72.7,35,20.0,164,2.12,0.6254,74.2,29,0.7293,60.1,56,3.0,0.8004,95.3,88,62.1,🔥 1.5+ H+R+RBI,25
Brett Callahan,Detroit Tigers,Michael Wacha,R,L,0.81,0.384,ABOVE-AVG MATCHUP,0.1947,54.4,58,20.0,146,2.66,0.7447,93.9,9,0.7366,62.5,45,3.8,0.8926,96.5,3,61.9,💎 Over 1.5 TB,26
Christian Walker,Houston Astros,Jacob Lopez,L,R,1.85,0.209,ABOVE-AVG MATCHUP,0.2672,81.5,27,20.0,120,2.03,0.6022,67.5,38,0.6984,49.4,91,3.21,0.8298,96.5,54,61.6,🔥 1.5+ H+R+RBI,27
Esteury Ruiz,Miami Marlins,Jake Irvin,R,R,1.8,0.2,ABOVE-AVG MATCHUP,0.2513,76.7,31,20.0,54,2.03,0.6007,67.0,39,0.7329,61.3,50,2.64,0.7399,90.7,134,61.3,🔥 1.5+ H+R+RBI,28
Luis Campusano,San Diego Padres,Dean Kremer,R,R,2.53,0.195,ABOVE-AVG MATCHUP,0.2966,88.2,17,20.0,269,2.12,0.6267,74.5,28,0.6748,41.3,110,2.21,0.647,76.2,189,61.2,🔥 1.5+ H+R+RBI,29
Max Muncy,Los Angeles Dodgers,Jared Jones,R,L,1.42,0.252,ELEVATED POWER EDGE,0.2703,82.3,24,20.0,179,2.3,0.6696,84.2,20,0.6437,31.3,136,2.43,0.698,85.5,159,61.2,💎 Over 1.5 TB,30
Nathaniel Lowe,Cleveland Guardians,Gabriel Hughes,R,L,0.81,0.222,ABOVE-AVG MATCHUP,0.1597,38.8,98,20.0,243,2.59,0.7311,92.7,11,0.8367,87.1,9,3.36,0.8483,96.5,31,61.2,💎 Over 1.5 TB,31
Corey Seager,Texas Rangers,Ryan Johnson,R,L,2.34,0.194,ABOVE-AVG MATCHUP,0.3058,89.8,12,20.0,102,1.9,0.5658,55.5,49,0.6605,36.5,124,3.1,0.8155,96.0,66,59.1,🔥 1.5+ H+R+RBI,32
Matt Olson,Atlanta Braves,Logan Henderson,R,L,1.48,0.278,ELEVATED POWER EDGE,0.3039,89.5,14,20.0,21,1.99,0.5901,63.7,43,0.5782,25.0,196,3.01,0.8018,95.4,85,58.9,🔥 1.5+ H+R+RBI,33
Heriberto Hernández,Miami Marlins,Jake Irvin,R,R,1.8,0.217,ABOVE-AVG MATCHUP,0.2695,82.1,26,20.0,51,1.98,0.5886,63.2,44,0.6925,47.4,97,2.37,0.6849,83.5,169,58.9,🔥 1.5+ H+R+RBI,34
Brandon Nimmo,Texas Rangers,Ryan Johnson,R,L,2.34,0.16,ABOVE-AVG MATCHUP,0.2599,79.4,30,20.0,100,1.84,0.5479,49.3,57,0.7275,59.5,60,3.26,0.8362,96.5,47,58.6,🔥 1.5+ H+R+RBI,35
Moisés Ballesteros,Los Angeles Angels,Cody Bradford,L,L,2.08,0.154,ABOVE-AVG MATCHUP,0.227,68.0,41,20.0,96,1.89,0.5645,55.1,50,0.8169,83.7,13,2.28,0.664,79.7,181,58.5,🎯 1+ Hit Anchor,36
Bryce Harper,Philadelphia Phillies,TBD Pitcher,R,L,1.2,0.231,ABOVE-AVG MATCHUP,0.2255,67.5,42,20.0,67,2.11,0.6228,73.5,30,0.6894,46.3,101,3.6,0.8743,96.5,13,58.5,🔥 1.5+ H+R+RBI,37
Ben Malgeri,Detroit Tigers,Michael Wacha,R,R,1.77,0.183,ABOVE-AVG MATCHUP,0.2019,57.5,54,20.0,145,2.24,0.6559,81.5,23,0.7011,50.4,82,3.14,0.8209,96.3,61,58.0,💎 Over 1.5 TB,38
Enrique Hernández,Los Angeles Dodgers,Jared Jones,R,R,1.75,0.236,ELEVATED POWER EDGE,0.3049,89.6,13,20.0,175,1.91,0.5691,56.6,47,0.5987,25.0,177,2.9,0.7862,94.5,98,57.3,🔥 1.5+ H+R+RBI,39
Francisco Lindor,New York Mets,Luis Castillo,R,S,1.94,0.184,ABOVE-AVG MATCHUP,0.2495,76.2,32,20.0,135,2.02,0.5986,66.4,41,0.6926,47.4,96,2.2,0.6442,75.6,191,57.0,🔥 1.5+ H+R+RBI,40
Josh Lowe,Los Angeles Angels,Cody Bradford,L,L,2.08,0.151,ABOVE-AVG MATCHUP,0.2231,66.5,43,20.0,94,1.77,0.5284,42.5,64,0.7848,76.6,28,2.75,0.7606,92.6,117,55.7,🎯 1+ Hit Anchor,41
Bryan Torres,St. Louis Cardinals,Andrew Painter,R,L,1.89,0.144,ABOVE-AVG MATCHUP,0.2219,66.0,44,20.0,57,1.81,0.5405,46.7,59,0.756,68.7,37,3.3,0.8416,96.5,41,55.7,🎯 1+ Hit Anchor,42
Otto Lopez,Miami Marlins,Jake Irvin,R,R,1.8,0.14,ABOVE-AVG MATCHUP,0.1834,49.3,69,20.0,49,1.88,0.5614,54.0,54,0.8189,84.1,11,3.69,0.8831,96.5,11,55.1,🎯 1+ Hit Anchor,43
Isaac Paredes,Houston Astros,Jacob Lopez,L,R,1.85,0.164,ABOVE-AVG MATCHUP,0.2164,63.8,46,20.0,122,1.84,0.5501,50.0,56,0.7402,63.7,43,3.46,0.8593,96.5,21,55.0,🎯 1+ Hit Anchor,44
Carson Benge,New York Mets,Luis Castillo,R,L,1.94,0.145,ABOVE-AVG MATCHUP,0.2024,57.8,53,20.0,130,1.89,0.5626,54.4,52,0.7432,64.7,42,3.1,0.8157,96.0,65,54.4,🎯 1+ Hit Anchor,45
Jake Bauers,Milwaukee Brewers,Martín Pérez,L,L,1.16,0.227,ABOVE-AVG MATCHUP,0.1908,52.6,59,20.0,31,2.01,0.5961,65.6,42,0.7147,55.1,72,3.43,0.857,96.5,24,54.0,🔥 1.5+ H+R+RBI,46
Angel Genao,Cleveland Guardians,Gabriel Hughes,R,S,0.81,0.12,POWER SUPPRESSED,0.0733,25.0,200,20.0,235,2.08,0.6147,71.2,33,0.8892,93.4,5,3.8,0.8926,96.5,4,53.6,🎯 1+ Hit Anchor,47
Nolan Schanuel,Los Angeles Angels,Cody Bradford,L,L,2.08,0.109,ABOVE-AVG MATCHUP,0.1666,41.8,89,20.0,97,1.89,0.5645,55.1,51,0.8685,91.4,7,2.56,0.724,89.0,147,53.5,🎯 1+ Hit Anchor,48
Angel Martínez,Cleveland Guardians,Gabriel Hughes,R,S,0.81,0.184,ABOVE-AVG MATCHUP,0.1343,28.6,129,20.0,236,2.13,0.6281,74.9,27,0.8052,81.3,21,3.8,0.8926,96.5,5,53.5,🎯 1+ Hit Anchor,49
Chase DeLauter,Cleveland Guardians,Gabriel Hughes,R,L,0.81,0.155,NEUTRAL TRAJECTORY,0.1093,25.0,155,20.0,239,2.08,0.6159,71.6,32,0.8739,91.9,6,3.8,0.8926,96.5,8,53.4,🎯 1+ Hit Anchor,50
Bobby Witt Jr.,Kansas City Royals,Drew Anderson,R,R,1.51,0.175,ABOVE-AVG MATCHUP,0.168,42.4,88,20.0,154,2.08,0.6165,71.7,31,0.7252,58.7,62,3.36,0.8487,96.5,30,53.0,🔥 1.5+ H+R+RBI,51
Javier Sanoja,Miami Marlins,Jake Irvin,R,R,1.8,0.145,ABOVE-AVG MATCHUP,0.1893,51.9,63,20.0,53,1.8,0.5368,45.4,61,0.7919,78.4,24,2.59,0.7299,89.6,144,52.2,🎯 1+ Hit Anchor,52
Adam Frazier,Los Angeles Angels,Cody Bradford,L,L,2.08,0.116,ABOVE-AVG MATCHUP,0.1763,46.1,75,20.0,91,1.77,0.5269,42.0,66,0.8324,86.5,10,2.93,0.7895,94.7,94,51.8,🎯 1+ Hit Anchor,53
Hao-Yu Lee,Detroit Tigers,Michael Wacha,R,R,1.77,0.146,ABOVE-AVG MATCHUP,0.1647,41.0,94,20.0,152,2.07,0.6114,70.3,37,0.7376,62.9,44,2.43,0.697,85.4,160,51.7,🔥 1.5+ H+R+RBI,54
Cam Smith,Houston Astros,Jacob Lopez,L,R,1.85,0.175,ABOVE-AVG MATCHUP,0.2292,68.9,39,20.0,118,1.81,0.5387,46.1,60,0.6742,41.1,112,2.81,0.7714,93.4,107,51.6,🔥 1.5+ H+R+RBI,55
JJ Wetherholt,St. Louis Cardinals,Andrew Painter,R,L,1.89,0.128,ABOVE-AVG MATCHUP,0.1999,56.7,56,20.0,60,1.75,0.5234,40.8,68,0.7617,70.3,35,2.58,0.7286,89.5,145,51.2,🎯 1+ Hit Anchor,56
Anthony Seigler,Boston Red Sox,Blade Tidwell,R,S,1.46,0.151,ABOVE-AVG MATCHUP,0.1503,34.9,113,20.0,210,1.93,0.5752,58.7,45,0.7917,78.3,25,3.24,0.8341,96.5,52,51.2,🎯 1+ Hit Anchor,57
Jonny DeLuca,Tampa Bay Rays,Brandon Young,R,R,1.55,0.167,ABOVE-AVG MATCHUP,0.1879,51.3,67,20.0,76,1.78,0.5303,43.1,63,0.7609,70.1,36,3.3,0.8408,96.5,42,51.0,🎯 1+ Hit Anchor,58
Jo Adell,Cleveland Guardians,Gabriel Hughes,R,R,0.61,0.246,ABOVE-AVG MATCHUP,0.1351,28.9,128,20.0,241,2.33,0.6767,85.5,19,0.7005,50.2,87,3.15,0.8224,96.3,59,50.9,💎 Over 1.5 TB,59
Andy Pages,Los Angeles Dodgers,Jared Jones,R,R,1.75,0.186,ABOVE-AVG MATCHUP,0.2302,69.3,38,20.0,173,1.76,0.524,41.0,67,0.6703,39.8,119,3.08,0.8119,95.9,71,50.7,🔥 1.5+ H+R+RBI,60
Fernando Tatis Jr.,San Diego Padres,Dean Kremer,R,R,2.53,0.154,ABOVE-AVG MATCHUP,0.2426,73.8,33,20.0,263,1.77,0.5276,42.2,65,0.6535,34.3,129,2.55,0.7222,88.8,148,50.5,🔥 1.5+ H+R+RBI,61
Drew Cavanaugh,San Francisco Giants,Patrick Sandoval,L,L,3.0,0.05,ABOVE-AVG MATCHUP,0.1049,25.0,160,20.0,203,1.9,0.5673,56.0,48,0.8892,93.4,2,3.0,0.8009,95.3,87,50.1,🎯 1+ Hit Anchor,62
Freddie Freeman,Los Angeles Dodgers,Jared Jones,R,L,1.42,0.163,ABOVE-AVG MATCHUP,0.1698,43.2,85,20.0,176,1.88,0.5617,54.1,53,0.7247,58.6,64,3.44,0.8579,96.5,23,49.4,🔥 1.5+ H+R+RBI,63
Byron Buxton,Minnesota Twins,Casey Mize,R,R,1.06,0.264,ABOVE-AVG MATCHUP,0.1809,48.2,72,20.0,256,2.02,0.599,66.5,40,0.6288,27.0,153,3.18,0.8266,96.5,56,48.4,🔥 1.5+ H+R+RBI,64
Iván Herrera,St. Louis Cardinals,Andrew Painter,R,R,1.65,0.138,ABOVE-AVG MATCHUP,0.1894,52.0,62,20.0,59,1.7,0.5067,35.3,78,0.7357,62.2,46,3.54,0.8683,96.5,19,48.3,🔥 1.5+ H+R+RBI,65
Dominic Canzone,Seattle Mariners,David Peterson,L,L,1.29,0.23,ELEVATED POWER EDGE,0.2067,59.6,50,20.0,194,1.83,0.5452,48.3,58,0.6297,27.2,152,3.12,0.8177,96.1,63,47.6,🔥 1.5+ H+R+RBI,66
Jac Caglianone,Kansas City Royals,Drew Anderson,R,L,1.13,0.214,ABOVE-AVG MATCHUP,0.1549,36.8,104,20.0,157,1.87,0.557,52.4,55,0.7306,60.5,55,3.42,0.8558,96.5,26,47.5,🔥 1.5+ H+R+RBI,67
Jose Altuve,Houston Astros,Jacob Lopez,L,R,1.85,0.149,ABOVE-AVG MATCHUP,0.1988,56.2,57,20.0,124,1.71,0.5111,36.7,76,0.7194,56.7,67,2.37,0.6859,83.6,167,47.3,🔥 1.5+ H+R+RBI,68
Gleyber Torres,Detroit Tigers,Michael Wacha,R,R,1.77,0.127,ABOVE-AVG MATCHUP,0.1449,32.7,118,20.0,151,1.92,0.5716,57.5,46,0.7233,58.1,65,2.45,0.7032,86.3,154,45.9,🔥 1.5+ H+R+RBI,69
Elias Díaz,Texas Rangers,Ryan Johnson,R,R,2.49,0.115,ABOVE-AVG MATCHUP,0.2056,59.2,52,20.0,104,1.62,0.4825,28.0,91,0.6911,46.9,100,2.77,0.7639,92.9,112,45.8,🔥 1.5+ H+R+RBI,70
Brayan Rocchio,Cleveland Guardians,Gabriel Hughes,R,S,0.81,0.12,POWER SUPPRESSED,0.0733,25.0,201,20.0,238,1.75,0.5228,40.6,69,0.818,83.9,12,3.8,0.8926,96.5,7,45.3,🎯 1+ Hit Anchor,71
José Ramírez,Cleveland Guardians,Gabriel Hughes,R,S,0.81,0.142,NEUTRAL TRAJECTORY,0.1006,25.0,167,20.0,242,1.78,0.5313,43.5,62,0.7971,79.6,22,3.04,0.8066,95.6,77,45.2,🎯 1+ Hit Anchor,72
Gavin Sheets,San Diego Padres,Dean Kremer,R,L,2.01,0.183,ABOVE-AVG MATCHUP,0.2307,69.5,37,20.0,265,1.7,0.507,35.4,77,0.5647,25.0,204,2.23,0.6531,77.5,187,44.9,🔥 1.5+ H+R+RBI,73
Ildemaro Vargas,Arizona Diamondbacks,Rhett Lowder,R,S,1.63,0.141,ABOVE-AVG MATCHUP,0.1687,42.7,86,20.0,229,1.67,0.4979,32.5,84,0.7194,56.7,68,3.24,0.8333,96.5,53,44.2,🔥 1.5+ H+R+RBI,74
Michael Harris II,Atlanta Braves,Logan Henderson,R,L,1.48,0.194,ABOVE-AVG MATCHUP,0.2061,59.4,51,20.0,22,1.7,0.5056,34.9,79,0.6206,25.0,158,2.99,0.7991,95.2,90,44.1,🔥 1.5+ H+R+RBI,75
Brandon Marsh,Philadelphia Phillies,TBD Pitcher,R,L,1.2,0.163,NEUTRAL TRAJECTORY,0.1578,38.0,99,20.0,65,1.69,0.505,34.8,80,0.7337,61.6,49,3.26,0.837,96.5,44,44.1,🔥 1.5+ H+R+RBI,76
José Fermín,St. Louis Cardinals,Andrew Painter,R,R,1.65,0.119,ABOVE-AVG MATCHUP,0.1656,41.4,91,20.0,63,1.65,0.49,30.2,89,0.7456,65.4,41,2.57,0.7268,89.3,146,43.8,🎯 1+ Hit Anchor,77
Alejandro Kirk,Toronto Blue Jays,Ryan Weathers,L,R,1.35,0.148,ABOVE-AVG MATCHUP,0.1706,43.6,84,20.0,1,1.61,0.4782,26.8,94,0.7266,59.2,61,3.34,0.846,96.5,34,43.6,🔥 1.5+ H+R+RBI,78
Harry Ford,Washington Nationals,Eury Pérez,R,R,1.57,0.211,ABOVE-AVG MATCHUP,0.2338,70.6,36,20.0,44,1.65,0.4911,30.5,87,0.5676,25.0,203,2.12,0.6262,71.4,208,43.4,⚾ High-Floor Value,79
Blaze Jordan,St. Louis Cardinals,Andrew Painter,R,R,1.65,0.121,ABOVE-AVG MATCHUP,0.1681,42.5,87,20.0,56,1.61,0.4786,26.9,93,0.7314,60.8,53,3.04,0.8064,95.6,78,43.4,🔥 1.5+ H+R+RBI,80
A.J. Ewing,New York Mets,Luis Castillo,R,L,1.94,0.122,ABOVE-AVG MATCHUP,0.1733,44.8,78,20.0,127,1.66,0.4945,31.5,86,0.7061,52.1,79,2.71,0.7536,92.0,122,43.2,🔥 1.5+ H+R+RBI,81
Danny Jansen,Texas Rangers,Ryan Johnson,R,R,2.49,0.13,ABOVE-AVG MATCHUP,0.2291,68.9,40,20.0,103,1.37,0.399,25.0,152,0.5629,25.0,207,2.34,0.6787,82.4,171,43.1,🔥 1.5+ H+R+RBI,82
Austin Hedges,Cleveland Guardians,Gabriel Hughes,R,R,0.61,0.115,POWER SUPPRESSED,0.0535,25.0,219,20.0,237,1.67,0.4984,32.7,83,0.7733,73.6,33,3.8,0.8926,96.5,6,42.0,🎯 1+ Hit Anchor,83
Jackson Merrill,San Diego Padres,Dean Kremer,R,L,2.01,0.167,ABOVE-AVG MATCHUP,0.2129,62.3,49,20.0,266,1.63,0.4862,29.0,90,0.6034,25.0,173,2.27,0.6626,79.4,182,41.8,🔥 1.5+ H+R+RBI,84
Jorge Mateo,Tampa Bay Rays,Brandon Young,R,R,1.55,0.14,ABOVE-AVG MATCHUP,0.1601,39.0,97,20.0,77,1.57,0.4642,25.0,100,0.7277,59.6,59,3.01,0.803,95.4,82,41.8,🔥 1.5+ H+R+RBI,85
Kyle Karros,Colorado Rockies,Tanner Bibee,R,R,0.82,0.157,NEUTRAL TRAJECTORY,0.1119,25.0,153,20.0,251,1.65,0.4908,30.4,88,0.7817,75.8,29,3.06,0.8101,95.8,73,41.7,🎯 1+ Hit Anchor,86
Owen Caissie,Miami Marlins,Jake Irvin,R,L,1.39,0.201,ABOVE-AVG MATCHUP,0.2012,57.2,55,20.0,48,1.6,0.4742,25.7,96,0.5762,25.0,198,3.06,0.8091,95.7,74,41.6,🔥 1.5+ H+R+RBI,87
Brett Bateman,Toronto Blue Jays,Ryan Weathers,L,L,0.83,0.094,POWER SUPPRESSED,0.0574,25.0,214,20.0,4,1.37,0.3982,25.0,154,0.8098,82.3,18,3.41,0.8539,96.5,27,41.6,🎯 1+ Hit Anchor,88
Gabriel Moreno,Arizona Diamondbacks,Rhett Lowder,R,R,0.45,0.161,NEUTRAL TRAJECTORY,0.054,25.0,218,20.0,227,1.54,0.4553,25.0,107,0.8064,81.6,20,3.72,0.8855,96.5,10,41.5,🎯 1+ Hit Anchor,89
Colson Montgomery,Chicago White Sox,Christian Scott,R,L,1.17,0.222,ABOVE-AVG MATCHUP,0.1884,51.5,65,20.0,140,1.68,0.5016,33.7,81,0.5856,25.0,186,2.8,0.769,93.3,111,41.4,🔥 1.5+ H+R+RBI,90
Jarren Duran,Boston Red Sox,Blade Tidwell,R,L,1.46,0.156,ABOVE-AVG MATCHUP,0.1549,36.8,105,20.0,216,1.75,0.5219,40.3,70,0.7278,59.6,58,2.08,0.6141,68.3,219,41.3,⚾ High-Floor Value,91
James McCann,Arizona Diamondbacks,Rhett Lowder,R,R,0.45,0.147,NEUTRAL TRAJECTORY,0.0494,25.0,226,20.0,230,1.45,0.4267,25.0,133,0.7936,78.8,23,3.59,0.8735,96.5,14,41.1,🎯 1+ Hit Anchor,92
Charles McAdoo,Toronto Blue Jays,Ryan Weathers,L,R,1.35,0.141,ABOVE-AVG MATCHUP,0.1632,40.3,96,20.0,5,1.51,0.444,25.0,117,0.6991,49.7,89,3.11,0.8165,96.1,64,40.7,🔥 1.5+ H+R+RBI,93
Christian Vázquez,Houston Astros,Jacob Lopez,L,R,1.85,0.13,ABOVE-AVG MATCHUP,0.1758,45.9,76,20.0,119,1.52,0.4472,25.0,113,0.6776,42.2,108,2.7,0.7505,91.7,125,40.5,🔥 1.5+ H+R+RBI,94
Esmerlyn Valdez,Pittsburgh Pirates,Tarik Skubal,L,R,0.82,0.286,ABOVE-AVG MATCHUP,0.1718,44.1,82,20.0,166,1.72,0.5118,36.9,75,0.5572,25.0,210,3.31,0.842,96.5,40,40.4,🔥 1.5+ H+R+RBI,95
Elly De La Cruz,Cincinnati Reds,Michael Soroka,R,S,0.66,0.206,ABOVE-AVG MATCHUP,0.1035,25.0,164,20.0,218,1.73,0.5151,38.0,73,0.7153,55.3,70,3.03,0.8048,95.5,81,40.1,🔥 1.5+ H+R+RBI,96
Ben Rice,New York Yankees,Dylan Cease,R,L,0.8,0.281,ABOVE-AVG MATCHUP,0.1898,52.2,60,20.0,11,1.51,0.4441,25.0,115,0.5275,25.0,232,3.01,0.8026,95.4,83,40.0,🔥 1.5+ H+R+RBI,97
Brice Turang,Milwaukee Brewers,Martín Pérez,L,L,1.16,0.176,NEUTRAL TRAJECTORY,0.1447,32.6,119,20.0,29,1.66,0.4951,31.7,85,0.6999,50.0,88,3.04,0.8063,95.6,79,40.0,🔥 1.5+ H+R+RBI,98
Jordan Lawlar,Arizona Diamondbacks,Rhett Lowder,R,R,0.45,0.151,NEUTRAL TRAJECTORY,0.0507,25.0,223,20.0,231,1.42,0.4166,25.0,140,0.7788,75.1,30,2.69,0.7486,91.6,127,39.9,🎯 1+ Hit Anchor,99
Geraldo Perdomo,Arizona Diamondbacks,Rhett Lowder,R,S,1.63,0.128,ABOVE-AVG MATCHUP,0.1544,36.6,109,20.0,228,1.56,0.4633,25.0,101,0.7011,50.4,86,3.26,0.837,96.5,45,39.8,🔥 1.5+ H+R+RBI,100
Jonah Cox,San Francisco Giants,Patrick Sandoval,L,R,0.33,0.186,ABOVE-AVG MATCHUP,0.0443,25.0,230,20.0,205,1.73,0.516,38.3,72,0.7312,60.7,54,2.41,0.6932,84.8,162,39.7,🔥 1.5+ H+R+RBI,101
Jimmy Crooks,St. Louis Cardinals,Andrew Painter,R,L,1.89,0.139,ABOVE-AVG MATCHUP,0.2151,63.2,47,20.0,61,1.48,0.435,25.0,127,0.6407,30.4,139,1.95,0.5794,58.7,234,39.5,⚾ High-Floor Value,102
Drake Baldwin,Atlanta Braves,Logan Henderson,R,L,1.48,0.176,ABOVE-AVG MATCHUP,0.1889,51.8,64,20.0,19,1.55,0.4588,25.0,102,0.5892,25.0,183,2.76,0.7624,92.7,116,39.5,🔥 1.5+ H+R+RBI,103
Bryson Stott,Philadelphia Phillies,TBD Pitcher,R,L,1.2,0.149,NEUTRAL TRAJECTORY,0.1453,32.9,117,20.0,68,1.58,0.4695,25.0,98,0.714,54.9,73,3.32,0.8436,96.5,38,39.5,🔥 1.5+ H+R+RBI,104
Evan Carter,Texas Rangers,Ryan Johnson,R,L,2.34,0.128,ABOVE-AVG MATCHUP,0.214,62.8,48,20.0,105,1.4,0.4085,25.0,145,0.6182,25.0,161,2.03,0.6018,65.1,225,39.3,⚾ High-Floor Value,105
Cody Freeman,Texas Rangers,Ryan Johnson,R,R,2.49,0.05,ABOVE-AVG MATCHUP,0.0952,25.0,173,20.0,101,1.3,0.3726,25.0,169,0.7558,68.6,38,3.04,0.8072,95.6,76,39.3,🎯 1+ Hit Anchor,106
Brandon Valenzuela,Toronto Blue Jays,Ryan Weathers,L,S,1.35,0.158,ABOVE-AVG MATCHUP,0.181,48.2,71,20.0,3,1.45,0.4238,25.0,135,0.6323,27.9,146,2.95,0.7932,94.9,92,39.2,🔥 1.5+ H+R+RBI,107
Brady House,Washington Nationals,Eury Pérez,R,R,1.57,0.158,ABOVE-AVG MATCHUP,0.1808,48.1,73,20.0,40,1.46,0.4272,25.0,132,0.6099,25.0,169,2.8,0.7691,93.3,110,38.6,🔥 1.5+ H+R+RBI,108
Ozzie Albies,Atlanta Braves,Logan Henderson,R,S,1.48,0.169,ABOVE-AVG MATCHUP,0.1821,48.7,70,20.0,23,1.37,0.3985,25.0,153,0.5436,25.0,220,2.63,0.7385,90.6,135,38.4,🔥 1.5+ H+R+RBI,109
Nick Fortes,Tampa Bay Rays,Brandon Young,R,R,1.55,0.101,ABOVE-AVG MATCHUP,0.1183,25.0,142,20.0,81,1.51,0.4466,25.0,114,0.7635,70.9,34,2.39,0.6896,84.2,166,38.3,🎯 1+ Hit Anchor,110
Joe Mack,Miami Marlins,Jake Irvin,R,L,1.39,0.188,ABOVE-AVG MATCHUP,0.1895,52.0,61,20.0,52,1.57,0.4669,25.0,99,0.5874,25.0,185,2.3,0.6702,80.9,175,38.2,🔥 1.5+ H+R+RBI,111
Ernie Clement,Toronto Blue Jays,Ryan Weathers,L,R,1.35,0.118,ABOVE-AVG MATCHUP,0.1386,30.3,123,20.0,8,1.5,0.4427,25.0,118,0.7279,59.6,57,2.44,0.7007,85.9,157,38.2,🔥 1.5+ H+R+RBI,112
Chandler Simpson,Tampa Bay Rays,Brandon Young,R,L,0.89,0.056,NEUTRAL TRAJECTORY,0.0374,25.0,234,20.0,74,1.19,0.3331,25.0,191,0.7248,58.6,63,3.32,0.8441,96.5,36,37.9,🔥 1.5+ H+R+RBI,113
Brett Baty,New York Mets,Luis Castillo,R,L,1.94,0.116,ABOVE-AVG MATCHUP,0.1655,41.3,92,20.0,129,1.5,0.4415,25.0,120,0.6586,35.9,126,2.52,0.7171,88.1,151,37.8,🔥 1.5+ H+R+RBI,114
Matthew Lugo,Kansas City Royals,Drew Anderson,R,R,1.51,0.16,ABOVE-AVG MATCHUP,0.1548,36.7,107,20.0,161,1.72,0.5125,37.2,74,0.6488,32.8,133,2.27,0.6624,79.4,183,37.6,🔥 1.5+ H+R+RBI,115
Ronald Acuña Jr.,Atlanta Braves,Logan Henderson,R,R,1.33,0.182,ABOVE-AVG MATCHUP,0.1768,46.3,74,20.0,20,1.45,0.4263,25.0,134,0.5785,25.0,195,2.53,0.7193,88.4,149,37.5,🔥 1.5+ H+R+RBI,116
Michael Massey,Kansas City Royals,Drew Anderson,R,L,1.13,0.17,NEUTRAL TRAJECTORY,0.1196,25.0,139,20.0,162,1.61,0.477,26.5,95,0.7318,60.9,52,2.45,0.7031,86.3,155,37.3,🔥 1.5+ H+R+RBI,117
Bo Bichette,New York Mets,Luis Castillo,R,R,0.92,0.127,NEUTRAL TRAJECTORY,0.0856,25.0,183,20.0,128,1.35,0.3894,25.0,160,0.718,56.3,69,2.84,0.776,93.8,105,37.2,🔥 1.5+ H+R+RBI,118
Javier Báez,Detroit Tigers,Michael Wacha,R,R,1.77,0.1,ABOVE-AVG MATCHUP,0.1159,25.0,144,20.0,153,1.73,0.517,38.7,71,0.7082,52.9,77,2.15,0.6333,73.1,199,37.1,⚾ High-Floor Value,119
Osleivis Basabe,San Francisco Giants,Patrick Sandoval,L,R,0.33,0.162,NEUTRAL TRAJECTORY,0.0369,25.0,235,20.0,207,1.54,0.457,25.0,105,0.7343,61.8,48,2.45,0.702,86.1,156,37.1,🔥 1.5+ H+R+RBI,120
Alex Jackson,Minnesota Twins,Casey Mize,R,R,1.06,0.106,NEUTRAL TRAJECTORY,0.0735,25.0,198,20.0,254,1.42,0.415,25.0,141,0.711,53.8,74,3.07,0.8109,95.8,72,37.0,🔥 1.5+ H+R+RBI,121
Jonah Heim,Athletics,Hunter Brown,R,S,1.45,0.179,ABOVE-AVG MATCHUP,0.1883,51.5,66,20.0,116,1.49,0.4376,25.0,121,0.5773,25.0,197,2.13,0.628,71.8,205,36.9,⚾ High-Floor Value,122
Jose Siri,Los Angeles Angels,Cody Bradford,L,R,0.0,0.2,ABOVE-AVG MATCHUP,0.0198,25.0,256,20.0,93,1.48,0.4344,25.0,128,0.7084,52.9,76,3.35,0.8477,96.5,33,36.9,🔥 1.5+ H+R+RBI,123
George Springer,Toronto Blue Jays,Ryan Weathers,L,R,1.35,0.152,ABOVE-AVG MATCHUP,0.1748,45.4,77,20.0,9,1.44,0.4226,25.0,137,0.6402,30.2,141,2.24,0.6555,78.0,185,36.8,🔥 1.5+ H+R+RBI,124
Jose Fernandez,Arizona Diamondbacks,Rhett Lowder,R,R,0.45,0.101,POWER SUPPRESSED,0.0291,25.0,249,20.0,233,1.2,0.3367,25.0,190,0.7327,61.2,51,2.37,0.6856,83.6,168,36.7,🔥 1.5+ H+R+RBI,125
Miguel Rojas,Los Angeles Dodgers,Jared Jones,R,R,1.75,0.121,ABOVE-AVG MATCHUP,0.1565,37.4,101,20.0,180,1.43,0.42,25.0,139,0.6756,41.5,109,2.29,0.6659,80.1,179,36.6,🔥 1.5+ H+R+RBI,126
Carlos Cortes,Athletics,Hunter Brown,R,L,1.45,0.145,ABOVE-AVG MATCHUP,0.1555,37.0,103,20.0,111,1.39,0.4037,25.0,148,0.64,30.2,142,3.04,0.8062,95.6,80,36.6,🔥 1.5+ H+R+RBI,127
Adley Rutschman,Boston Red Sox,Blade Tidwell,R,S,1.46,0.129,ABOVE-AVG MATCHUP,0.1299,27.1,131,20.0,208,1.55,0.4582,25.0,104,0.7011,50.4,84,2.65,0.7415,90.9,133,36.5,🔥 1.5+ H+R+RBI,128
Nick Allen,Houston Astros,Jacob Lopez,L,R,1.85,0.084,ABOVE-AVG MATCHUP,0.1174,25.0,143,20.0,126,1.48,0.4356,25.0,125,0.7348,61.9,47,2.3,0.6688,80.6,178,36.5,🔥 1.5+ H+R+RBI,129
Andrés Giménez,Toronto Blue Jays,Ryan Weathers,L,L,0.83,0.116,POWER SUPPRESSED,0.0704,25.0,204,20.0,2,1.23,0.3492,25.0,182,0.7096,53.4,75,2.73,0.757,92.3,119,36.5,🔥 1.5+ H+R+RBI,130
Alec Bohm,Philadelphia Phillies,TBD Pitcher,R,R,1.2,0.143,NEUTRAL TRAJECTORY,0.1399,30.8,122,20.0,64,1.5,0.4415,25.0,119,0.6735,40.8,114,2.95,0.7927,94.8,93,36.4,🔥 1.5+ H+R+RBI,131
Jarred Kelenic,Texas Rangers,Ryan Johnson,R,L,2.34,0.095,ABOVE-AVG MATCHUP,0.1637,40.5,95,20.0,108,1.38,0.4025,25.0,149,0.6687,39.2,120,2.14,0.6315,72.7,202,36.2,⚾ High-Floor Value,132
Jonathan Aranda,Tampa Bay Rays,Brandon Young,R,L,0.89,0.137,NEUTRAL TRAJECTORY,0.0891,25.0,176,20.0,75,1.37,0.397,25.0,156,0.6932,47.6,94,3.57,0.8709,96.5,15,36.1,🔥 1.5+ H+R+RBI,133
Colt Keith,Detroit Tigers,Michael Wacha,R,L,0.81,0.153,NEUTRAL TRAJECTORY,0.0789,25.0,187,20.0,147,1.46,0.4279,25.0,131,0.6922,47.3,98,3.24,0.8344,96.5,50,36.0,🔥 1.5+ H+R+RBI,134
Lars Nootbaar,Arizona Diamondbacks,Rhett Lowder,R,L,1.63,0.12,ABOVE-AVG MATCHUP,0.1455,32.9,116,20.0,234,1.47,0.4328,25.0,129,0.68,43.0,107,2.3,0.669,80.7,177,35.7,🔥 1.5+ H+R+RBI,135
Xavier Edwards,Miami Marlins,Jake Irvin,R,S,1.39,0.098,ABOVE-AVG MATCHUP,0.1037,25.0,163,20.0,46,1.36,0.3943,25.0,158,0.6836,44.3,102,3.36,0.848,96.5,32,35.6,🔥 1.5+ H+R+RBI,136
Brock Rodden,Seattle Mariners,David Peterson,L,S,0.7,0.167,NEUTRAL TRAJECTORY,0.0763,25.0,190,20.0,191,1.34,0.3859,25.0,161,0.6919,47.2,99,2.77,0.7632,92.8,115,35.6,🔥 1.5+ H+R+RBI,137
Jacob Young,Washington Nationals,Eury Pérez,R,R,1.57,0.15,ABOVE-AVG MATCHUP,0.1725,44.4,79,20.0,45,1.47,0.4309,25.0,130,0.6265,26.3,154,2.18,0.6402,74.7,193,35.5,🔥 1.5+ H+R+RBI,138
Liam Hicks,Tampa Bay Rays,Brandon Young,R,L,0.89,0.15,NEUTRAL TRAJECTORY,0.0972,25.0,171,20.0,80,1.41,0.4117,25.0,144,0.6932,47.6,95,2.69,0.7502,91.7,126,35.5,🔥 1.5+ H+R+RBI,139
Andrew Vaughn,Milwaukee Brewers,Martín Pérez,L,R,0.78,0.152,NEUTRAL TRAJECTORY,0.0868,25.0,178,20.0,32,1.38,0.4011,25.0,151,0.6806,43.3,105,3.49,0.8634,96.5,20,35.4,🔥 1.5+ H+R+RBI,140
Mike Trout,Los Angeles Angels,Cody Bradford,L,R,0.0,0.194,ABOVE-AVG MATCHUP,0.0198,25.0,257,20.0,95,1.4,0.4067,25.0,146,0.6803,43.1,106,3.41,0.8538,96.5,28,35.4,🔥 1.5+ H+R+RBI,141
Christian Encarnacion-Strand,Baltimore Orioles,Shane McClanahan,L,R,0.7,0.247,ABOVE-AVG MATCHUP,0.1298,27.0,132,20.0,83,1.68,0.5009,33.5,82,0.6332,28.2,145,2.92,0.7891,94.6,95,35.2,🔥 1.5+ H+R+RBI,142
Denzer Guzman,Los Angeles Angels,Cody Bradford,L,R,0.0,0.134,NEUTRAL TRAJECTORY,0.0198,25.0,255,20.0,92,1.13,0.3137,25.0,203,0.6819,43.7,104,2.84,0.7749,93.7,106,35.1,🔥 1.5+ H+R+RBI,143
Connor Norby,Colorado Rockies,Tanner Bibee,R,R,0.82,0.12,NEUTRAL TRAJECTORY,0.0867,25.0,180,20.0,247,1.27,0.3626,25.0,175,0.6741,41.0,113,3.27,0.8381,96.5,43,35.0,🔥 1.5+ H+R+RBI,144
Andrew Benintendi,Chicago White Sox,Christian Scott,R,L,1.17,0.178,NEUTRAL TRAJECTORY,0.1474,33.7,115,20.0,136,1.53,0.4534,25.0,109,0.6302,27.3,150,2.8,0.7694,93.3,109,34.9,🔥 1.5+ H+R+RBI,145
Christian Koss,San Francisco Giants,Patrick Sandoval,L,R,0.33,0.054,POWER SUPPRESSED,0.0198,25.0,263,20.0,202,1.0,0.2656,25.0,230,0.6835,44.3,103,2.65,0.742,90.9,131,34.9,🔥 1.5+ H+R+RBI,146
Ian Happ,Chicago Cubs,Kade Anderson,L,S,1.2,0.198,ABOVE-AVG MATCHUP,0.1558,37.2,102,20.0,184,1.39,0.4049,25.0,147,0.5515,25.0,215,2.49,0.71,87.2,153,34.8,🔥 1.5+ H+R+RBI,147
Brendan Donovan,Seattle Mariners,David Peterson,L,L,1.29,0.132,NEUTRAL TRAJECTORY,0.1091,25.0,156,20.0,190,1.36,0.3949,25.0,157,0.6723,40.4,116,2.99,0.7998,95.2,89,34.8,🔥 1.5+ H+R+RBI,148
Ezequiel Tovar,Colorado Rockies,Tanner Bibee,R,R,0.82,0.122,NEUTRAL TRAJECTORY,0.0881,25.0,177,20.0,248,1.27,0.364,25.0,173,0.6723,40.4,117,3.05,0.808,95.7,75,34.8,🔥 1.5+ H+R+RBI,149
John Rave,Kansas City Royals,Drew Anderson,R,L,1.13,0.209,ABOVE-AVG MATCHUP,0.1516,35.4,112,20.0,158,1.53,0.4532,25.0,110,0.583,25.0,191,2.61,0.7337,90.1,138,34.6,🔥 1.5+ H+R+RBI,150
Chase Meidroth,Chicago White Sox,Christian Scott,R,R,0.3,0.132,NEUTRAL TRAJECTORY,0.0299,25.0,248,20.0,139,1.11,0.3037,25.0,208,0.6676,38.9,121,3.09,0.8139,96.0,67,34.6,🔥 1.5+ H+R+RBI,151
Kaelen Culpepper,Minnesota Twins,Casey Mize,R,R,1.06,0.106,NEUTRAL TRAJECTORY,0.0735,25.0,199,20.0,258,1.37,0.3982,25.0,155,0.694,47.9,93,2.36,0.6836,83.2,170,34.5,🔥 1.5+ H+R+RBI,152
Jhonny Pereda,Seattle Mariners,David Peterson,L,R,0.7,0.081,POWER SUPPRESSED,0.0322,25.0,246,20.0,195,1.12,0.31,25.0,205,0.7196,56.8,66,2.11,0.6235,70.7,211,34.5,⚾ High-Floor Value,153
Brian Serven,Athletics,Hunter Brown,R,R,0.89,0.231,ABOVE-AVG MATCHUP,0.1523,35.7,111,20.0,110,1.27,0.3638,25.0,174,0.4371,25.0,252,2.44,0.6994,85.7,158,34.2,🔥 1.5+ H+R+RBI,154
Jacob Gonzalez,Pittsburgh Pirates,Tarik Skubal,L,L,1.37,0.116,ABOVE-AVG MATCHUP,0.1199,25.0,138,20.0,168,1.41,0.4128,25.0,143,0.715,55.2,71,2.11,0.624,70.8,210,34.2,⚾ High-Floor Value,155
Freddy Fermin,San Diego Padres,Dean Kremer,R,R,2.53,0.113,ABOVE-AVG MATCHUP,0.1844,49.7,68,20.0,264,1.23,0.3472,25.0,184,0.4928,25.0,243,1.86,0.5544,51.3,244,34.0,⚾ High-Floor Value,156
Jorge Barrosa,Arizona Diamondbacks,Rhett Lowder,R,S,1.63,0.144,ABOVE-AVG MATCHUP,0.172,44.2,81,20.0,232,1.42,0.4144,25.0,142,0.6168,25.0,163,2.02,0.5994,64.4,226,34.0,⚾ High-Floor Value,157
Jackson Chourio,Milwaukee Brewers,Martín Pérez,L,R,0.78,0.188,ABOVE-AVG MATCHUP,0.1112,25.0,154,20.0,28,1.51,0.4441,25.0,116,0.6517,33.7,132,3.15,0.8216,96.3,60,33.8,🔥 1.5+ H+R+RBI,158
JJ Bleday,Cincinnati Reds,Michael Soroka,R,L,0.66,0.211,ABOVE-AVG MATCHUP,0.1059,25.0,158,20.0,221,1.6,0.4739,25.6,97,0.6538,34.4,128,2.87,0.7805,94.1,99,33.8,🔥 1.5+ H+R+RBI,159
Carter Jensen,Kansas City Royals,Drew Anderson,R,L,1.13,0.186,ABOVE-AVG MATCHUP,0.1361,29.3,127,20.0,155,1.55,0.4582,25.0,103,0.6308,27.5,149,2.77,0.7633,92.8,114,33.6,🔥 1.5+ H+R+RBI,160
Julio Rodríguez,Seattle Mariners,David Peterson,L,R,0.7,0.162,NEUTRAL TRAJECTORY,0.0741,25.0,193,20.0,197,1.33,0.3825,25.0,164,0.6948,48.2,92,2.16,0.6347,73.4,198,33.4,⚾ High-Floor Value,161
Nick Gonzales,Pittsburgh Pirates,Tarik Skubal,L,R,0.82,0.093,POWER SUPPRESSED,0.0484,25.0,227,20.0,171,1.16,0.3241,25.0,196,0.6624,37.1,123,2.51,0.7152,87.9,152,33.4,🔥 1.5+ H+R+RBI,162
Spencer Jones,New York Yankees,Dylan Cease,R,L,0.8,0.196,ABOVE-AVG MATCHUP,0.1365,29.5,126,20.0,14,1.14,0.3162,25.0,200,0.4982,25.0,241,2.73,0.7559,92.2,120,33.2,🔥 1.5+ H+R+RBI,163
George Lombard Jr.,New York Yankees,Dylan Cease,R,R,0.3,0.135,NEUTRAL TRAJECTORY,0.0355,25.0,239,20.0,15,1.05,0.2829,25.0,219,0.6732,40.7,115,2.31,0.6714,81.1,174,33.1,🔥 1.5+ H+R+RBI,164
Mike Yastrzemski,Atlanta Braves,Logan Henderson,R,L,1.48,0.159,ABOVE-AVG MATCHUP,0.1724,44.4,80,20.0,25,1.28,0.3673,25.0,172,0.5185,25.0,238,1.91,0.569,55.7,237,33.0,⚾ High-Floor Value,165
Trent Grisham,New York Yankees,Dylan Cease,R,L,0.8,0.197,ABOVE-AVG MATCHUP,0.1372,29.7,124,20.0,10,1.13,0.3113,25.0,204,0.489,25.0,244,2.6,0.7334,90.0,139,33.0,🔥 1.5+ H+R+RBI,166
Isaac Collins,Kansas City Royals,Drew Anderson,R,S,1.13,0.121,NEUTRAL TRAJECTORY,0.0867,25.0,179,20.0,156,1.25,0.3544,25.0,179,0.6407,30.4,140,2.85,0.7766,93.8,102,33.0,🔥 1.5+ H+R+RBI,167
Luke Keaschall,Minnesota Twins,Casey Mize,R,R,1.06,0.103,NEUTRAL TRAJECTORY,0.0715,25.0,202,20.0,260,1.3,0.3738,25.0,168,0.6719,40.3,118,2.3,0.6695,80.8,176,33.0,🔥 1.5+ H+R+RBI,168
Derek Hill,Philadelphia Phillies,TBD Pitcher,R,R,1.2,0.162,NEUTRAL TRAJECTORY,0.1569,37.6,100,20.0,69,1.44,0.4233,25.0,136,0.6206,25.0,159,2.12,0.6244,70.9,209,32.9,⚾ High-Floor Value,169
Abimelec Ortiz,Washington Nationals,Eury Pérez,R,L,0.51,0.315,ABOVE-AVG MATCHUP,0.1212,25.0,136,20.0,37,1.62,0.4811,27.6,92,0.5319,25.0,226,2.97,0.796,95.0,91,32.9,🔥 1.5+ H+R+RBI,170
William Contreras,Milwaukee Brewers,Martín Pérez,L,R,0.78,0.123,NEUTRAL TRAJECTORY,0.0708,25.0,203,20.0,30,1.17,0.3277,25.0,195,0.6301,27.3,151,3.0,0.8014,95.3,86,32.7,🔥 1.5+ H+R+RBI,171
Bryan Reynolds,Pittsburgh Pirates,Tarik Skubal,L,S,0.82,0.167,NEUTRAL TRAJECTORY,0.0995,25.0,168,20.0,165,1.24,0.3512,25.0,180,0.6008,25.0,175,3.2,0.8287,96.5,55,32.5,🔥 1.5+ H+R+RBI,172
CJ Abrams,Washington Nationals,Eury Pérez,R,L,0.51,0.251,ABOVE-AVG MATCHUP,0.0978,25.0,170,20.0,41,1.54,0.4564,25.0,106,0.6026,25.0,174,3.45,0.8586,96.5,22,32.5,🔥 1.5+ H+R+RBI,173
Andruw Monasterio,Boston Red Sox,Blade Tidwell,R,R,0.0,0.161,NEUTRAL TRAJECTORY,0.0198,25.0,264,20.0,209,0.76,0.1756,25.0,250,0.5299,25.0,227,3.16,0.8241,96.4,57,32.5,🔥 1.5+ H+R+RBI,174
Caleb Durbin,Boston Red Sox,Blade Tidwell,R,R,0.0,0.147,NEUTRAL TRAJECTORY,0.0198,25.0,265,20.0,211,0.72,0.1641,25.0,254,0.5244,25.0,234,3.26,0.8359,96.5,48,32.5,🔥 1.5+ H+R+RBI,175
Ceddanne Rafaela,Boston Red Sox,Blade Tidwell,R,R,0.0,0.177,NEUTRAL TRAJECTORY,0.0198,25.0,266,20.0,212,0.89,0.222,25.0,238,0.5834,25.0,190,3.56,0.87,96.5,16,32.5,🔥 1.5+ H+R+RBI,176
Francisco Alvarez,New York Mets,Luis Castillo,R,R,0.92,0.172,NEUTRAL TRAJECTORY,0.1141,25.0,149,20.0,134,1.48,0.4365,25.0,123,0.6747,41.2,111,2.17,0.6387,74.4,196,32.4,⚾ High-Floor Value,177
Daulton Varsho,Houston Astros,Jacob Lopez,L,L,0.76,0.132,NEUTRAL TRAJECTORY,0.0739,25.0,194,20.0,121,1.01,0.269,25.0,227,0.5888,25.0,184,3.08,0.8131,95.9,70,32.4,🔥 1.5+ H+R+RBI,178
Cole Young,Seattle Mariners,David Peterson,L,L,1.29,0.14,NEUTRAL TRAJECTORY,0.1154,25.0,147,20.0,193,1.32,0.3785,25.0,167,0.624,25.7,156,2.84,0.7763,93.8,104,32.3,🔥 1.5+ H+R+RBI,179
Carson Kelly,Chicago Cubs,Kade Anderson,L,R,1.2,0.11,NEUTRAL TRAJECTORY,0.0857,25.0,182,20.0,182,1.18,0.3292,25.0,194,0.6398,30.1,144,2.53,0.7181,88.3,150,32.3,🔥 1.5+ H+R+RBI,180
Josh Bell,Minnesota Twins,Casey Mize,R,S,0.31,0.173,NEUTRAL TRAJECTORY,0.0358,25.0,237,20.0,257,1.09,0.2961,25.0,213,0.5685,25.0,202,3.01,0.8023,95.4,84,32.3,🔥 1.5+ H+R+RBI,181
Donovan Walton,Athletics,Hunter Brown,R,L,1.45,0.105,ABOVE-AVG MATCHUP,0.1152,25.0,148,20.0,113,1.14,0.3147,25.0,202,0.5725,25.0,201,2.91,0.7873,94.5,96,32.2,🔥 1.5+ H+R+RBI,182
Brooks Lee,Minnesota Twins,Casey Mize,R,S,0.31,0.174,NEUTRAL TRAJECTORY,0.036,25.0,236,20.0,255,1.05,0.2831,25.0,218,0.5468,25.0,218,2.84,0.7764,93.8,103,32.2,🔥 1.5+ H+R+RBI,183
Dane Myers,Cincinnati Reds,Michael Soroka,R,R,0.48,0.11,POWER SUPPRESSED,0.0338,25.0,242,20.0,217,0.91,0.2321,25.0,236,0.5549,25.0,211,2.85,0.7773,93.9,101,32.2,🔥 1.5+ H+R+RBI,184
Jakob Marsee,Miami Marlins,Jake Irvin,R,L,1.39,0.11,ABOVE-AVG MATCHUP,0.1157,25.0,145,20.0,50,1.12,0.308,25.0,207,0.5008,25.0,240,2.81,0.7701,93.3,108,32.1,🔥 1.5+ H+R+RBI,185
Alex Call,Los Angeles Dodgers,Jared Jones,R,R,1.75,0.076,ABOVE-AVG MATCHUP,0.1014,25.0,165,20.0,172,1.19,0.332,25.0,192,0.6243,25.7,155,2.75,0.7605,92.6,118,32.1,🔥 1.5+ H+R+RBI,186
Jake Mangum,Pittsburgh Pirates,Tarik Skubal,L,S,0.82,0.092,POWER SUPPRESSED,0.0479,25.0,228,20.0,169,1.12,0.3084,25.0,206,0.6454,31.8,135,2.4,0.692,84.6,164,32.1,🔥 1.5+ H+R+RBI,187
Dylan Crews,Washington Nationals,Eury Pérez,R,R,1.57,0.143,ABOVE-AVG MATCHUP,0.1651,41.1,93,20.0,43,1.3,0.3723,25.0,170,0.5642,25.0,205,1.9,0.5654,54.6,241,32.0,⚾ High-Floor Value,188
Luis García Jr.,New York Yankees,Dylan Cease,R,L,0.8,0.161,NEUTRAL TRAJECTORY,0.1085,25.0,157,20.0,13,1.04,0.2791,25.0,222,0.5289,25.0,229,2.72,0.7558,92.2,121,32.0,🔥 1.5+ H+R+RBI,189
Alika Williams,Athletics,Hunter Brown,R,R,0.89,0.126,NEUTRAL TRAJECTORY,0.0823,25.0,186,20.0,109,1.01,0.2669,25.0,228,0.5822,25.0,192,2.77,0.7633,92.8,113,32.0,🔥 1.5+ H+R+RBI,190
Coby Mayo,Baltimore Orioles,Shane McClanahan,L,R,0.7,0.226,ABOVE-AVG MATCHUP,0.1194,25.0,140,20.0,85,1.48,0.4367,25.0,122,0.5737,25.0,200,2.7,0.752,91.9,124,31.9,🔥 1.5+ H+R+RBI,191
Braden Montgomery,Chicago White Sox,Christian Scott,R,S,1.17,0.134,NEUTRAL TRAJECTORY,0.1131,25.0,151,20.0,137,1.26,0.3592,25.0,177,0.6148,25.0,166,2.68,0.7485,91.5,128,31.9,🔥 1.5+ H+R+RBI,192
Eugenio Suárez,Cincinnati Reds,Michael Soroka,R,R,0.48,0.204,ABOVE-AVG MATCHUP,0.0757,25.0,191,20.0,219,1.08,0.2953,25.0,214,0.4366,25.0,253,2.68,0.7473,91.4,129,31.9,🔥 1.5+ H+R+RBI,193
Michael Conforto,Chicago Cubs,Kade Anderson,L,L,1.2,0.212,ABOVE-AVG MATCHUP,0.1658,41.4,90,20.0,187,1.44,0.4222,25.0,138,0.5531,25.0,213,1.87,0.5584,52.5,243,31.8,⚾ High-Floor Value,194
Cedric Mullins,Tampa Bay Rays,Brandon Young,R,L,0.89,0.146,NEUTRAL TRAJECTORY,0.0947,25.0,174,20.0,73,1.15,0.3201,25.0,197,0.5622,25.0,208,2.67,0.7452,91.2,130,31.8,🔥 1.5+ H+R+RBI,195
Colton Cowser,Baltimore Orioles,Shane McClanahan,L,L,0.72,0.139,NEUTRAL TRAJECTORY,0.0738,25.0,195,20.0,86,0.79,0.1874,25.0,247,0.3877,25.0,263,2.63,0.7385,90.6,136,31.8,🔥 1.5+ H+R+RBI,196
Braxton Fulford,Colorado Rockies,Tanner Bibee,R,R,0.82,0.103,POWER SUPPRESSED,0.064,25.0,211,20.0,244,1.09,0.2975,25.0,212,0.6181,25.0,162,2.65,0.742,90.9,132,31.8,🔥 1.5+ H+R+RBI,197
Alex Bregman,Chicago Cubs,Kade Anderson,L,R,1.2,0.16,NEUTRAL TRAJECTORY,0.1222,25.0,135,20.0,181,1.32,0.3813,25.0,165,0.6162,25.0,165,2.61,0.7343,90.1,137,31.7,🔥 1.5+ H+R+RBI,198
David Fry,Cleveland Guardians,Gabriel Hughes,R,R,0.61,0.154,NEUTRAL TRAJECTORY,0.0829,25.0,185,20.0,240,1.48,0.4353,25.0,126,0.6212,25.0,157,2.59,0.7306,89.7,142,31.7,🔥 1.5+ H+R+RBI,199
Darell Hernaiz,Athletics,Hunter Brown,R,R,0.89,0.05,NEUTRAL TRAJECTORY,0.0335,25.0,243,20.0,112,0.74,0.1686,25.0,252,0.5284,25.0,231,2.59,0.7309,89.8,140,31.7,🔥 1.5+ H+R+RBI,200
Josh Naylor,Seattle Mariners,David Peterson,L,L,1.29,0.102,NEUTRAL TRAJECTORY,0.0854,25.0,184,20.0,196,1.23,0.3488,25.0,183,0.6602,36.4,125,2.17,0.6374,74.1,197,31.6,⚾ High-Floor Value,201
Oswald Peraza,Los Angeles Angels,Cody Bradford,L,R,0.0,0.123,NEUTRAL TRAJECTORY,0.0198,25.0,258,20.0,98,1.07,0.289,25.0,216,0.6645,37.8,122,2.13,0.6292,72.1,204,31.6,⚾ High-Floor Value,202
Austin Hays,San Diego Padres,Dean Kremer,R,R,2.53,0.093,ABOVE-AVG MATCHUP,0.1545,36.6,108,20.0,262,1.32,0.3788,25.0,166,0.5632,25.0,206,1.94,0.577,58.0,235,31.1,⚾ High-Floor Value,203
Connor Wong,Boston Red Sox,Blade Tidwell,R,R,0.0,0.131,NEUTRAL TRAJECTORY,0.0198,25.0,267,20.0,213,0.69,0.1516,25.0,258,0.5188,25.0,237,2.41,0.6932,84.8,163,31.1,🔥 1.5+ H+R+RBI,204
Alan Roden,Minnesota Twins,Casey Mize,R,L,0.31,0.05,POWER SUPPRESSED,0.0198,25.0,270,20.0,253,0.66,0.1436,25.0,260,0.5286,25.0,230,2.41,0.6943,85.0,161,31.1,🔥 1.5+ H+R+RBI,205
Jordan Beck,Colorado Rockies,Tanner Bibee,R,R,0.82,0.12,POWER SUPPRESSED,0.0742,25.0,192,20.0,250,1.21,0.3415,25.0,186,0.6463,32.0,134,2.18,0.6396,74.6,195,31.0,⚾ High-Floor Value,206
Miguel Vargas,Chicago White Sox,Christian Scott,R,R,0.3,0.254,ABOVE-AVG MATCHUP,0.0594,25.0,213,20.0,144,1.54,0.4544,25.0,108,0.611,25.0,167,2.4,0.6915,84.5,165,31.0,🔥 1.5+ H+R+RBI,207
Kyle Tucker,Los Angeles Dodgers,Jared Jones,R,L,1.42,0.134,ABOVE-AVG MATCHUP,0.1418,31.5,121,20.0,178,1.48,0.4359,25.0,124,0.6101,25.0,168,2.08,0.6145,68.4,218,30.9,⚾ High-Floor Value,208
Christian Franklin,Baltimore Orioles,Shane McClanahan,L,R,0.7,0.05,POWER SUPPRESSED,0.0225,25.0,250,20.0,84,0.69,0.1517,25.0,257,0.5224,25.0,236,2.33,0.676,81.9,173,30.7,🔥 1.5+ H+R+RBI,209
Lawrence Butler,Athletics,Hunter Brown,R,L,1.45,0.137,ABOVE-AVG MATCHUP,0.1476,33.8,114,20.0,117,1.21,0.3395,25.0,188,0.553,25.0,214,1.97,0.5862,60.7,230,30.6,⚾ High-Floor Value,210
Jeff McNeil,Athletics,Hunter Brown,R,L,1.45,0.095,ABOVE-AVG MATCHUP,0.1048,25.0,161,20.0,115,1.22,0.3432,25.0,185,0.64,30.2,143,2.14,0.6316,72.7,201,30.5,⚾ High-Floor Value,211
Kyle Isbel,Kansas City Royals,Drew Anderson,R,L,1.13,0.12,NEUTRAL TRAJECTORY,0.086,25.0,181,20.0,159,1.27,0.3621,25.0,176,0.6518,33.7,131,2.07,0.6132,68.1,220,30.5,⚾ High-Floor Value,212
Eli White,Boston Red Sox,Blade Tidwell,R,R,0.0,0.173,NEUTRAL TRAJECTORY,0.0198,25.0,268,20.0,214,0.78,0.1832,25.0,248,0.4943,25.0,242,2.28,0.6653,80.0,180,30.5,🔥 1.5+ H+R+RBI,213
Christian Yelich,Milwaukee Brewers,Martín Pérez,L,L,1.16,0.143,NEUTRAL TRAJECTORY,0.1193,25.0,141,20.0,33,1.33,0.3853,25.0,162,0.6524,33.9,130,2.07,0.6115,67.7,222,30.4,⚾ High-Floor Value,214
Kevin Alcántara,Chicago Cubs,Kade Anderson,L,R,1.2,0.131,NEUTRAL TRAJECTORY,0.1012,25.0,166,20.0,185,1.1,0.3015,25.0,210,0.5531,25.0,212,2.25,0.6583,78.6,184,30.3,🔥 1.5+ H+R+RBI,215
Luke Maile,Kansas City Royals,Drew Anderson,R,R,1.51,0.16,ABOVE-AVG MATCHUP,0.1548,36.7,106,20.0,160,1.53,0.4514,25.0,112,0.5744,25.0,199,1.85,0.5517,50.5,245,30.2,⚾ High-Floor Value,216
Henry Bolte,Athletics,Hunter Brown,R,R,0.89,0.098,NEUTRAL TRAJECTORY,0.0646,25.0,210,20.0,114,0.95,0.2458,25.0,232,0.5905,25.0,182,2.24,0.6546,77.8,186,30.2,🔥 1.5+ H+R+RBI,217
LaMonte Wade Jr.,Houston Astros,Jacob Lopez,L,L,0.76,0.115,POWER SUPPRESSED,0.0553,25.0,217,20.0,125,0.9,0.2273,25.0,237,0.5495,25.0,216,2.23,0.6527,77.4,188,30.2,🔥 1.5+ H+R+RBI,218
Edmundo Sosa,Philadelphia Phillies,TBD Pitcher,R,R,1.2,0.134,NEUTRAL TRAJECTORY,0.1317,27.7,130,20.0,70,1.36,0.3941,25.0,159,0.6308,27.5,147,2.05,0.6067,66.4,223,30.0,⚾ High-Floor Value,219
Kody Clemens,Minnesota Twins,Casey Mize,R,L,0.31,0.232,ABOVE-AVG MATCHUP,0.05,25.0,225,20.0,259,1.25,0.3567,25.0,178,0.5393,25.0,221,2.2,0.6449,75.7,190,30.0,🔥 1.5+ H+R+RBI,220
Henry Davis,Pittsburgh Pirates,Tarik Skubal,L,R,0.82,0.129,NEUTRAL TRAJECTORY,0.0778,25.0,188,20.0,167,0.86,0.2133,25.0,241,0.3919,25.0,262,2.19,0.6422,75.1,192,29.9,🔥 1.5+ H+R+RBI,221
Cooper Pratt,Milwaukee Brewers,Martín Pérez,L,R,0.78,0.091,POWER SUPPRESSED,0.0451,25.0,229,20.0,36,1.06,0.2867,25.0,217,0.6051,25.0,171,2.18,0.6398,74.6,194,29.9,⚾ High-Floor Value,222
J.T. Realmuto,Philadelphia Phillies,TBD Pitcher,R,R,1.2,0.126,NEUTRAL TRAJECTORY,0.1243,25.1,134,20.0,72,1.33,0.3833,25.0,163,0.6308,27.5,148,2.11,0.6228,70.5,213,29.8,⚾ High-Floor Value,223
Royce Lewis,Minnesota Twins,Casey Mize,R,R,1.06,0.178,NEUTRAL TRAJECTORY,0.1203,25.0,137,20.0,261,1.53,0.453,25.0,111,0.6049,25.0,172,2.15,0.6322,72.8,200,29.6,⚾ High-Floor Value,224
Joey Ortiz,Milwaukee Brewers,Martín Pérez,L,R,0.78,0.128,NEUTRAL TRAJECTORY,0.0736,25.0,197,20.0,34,1.14,0.3167,25.0,198,0.5907,25.0,181,2.14,0.6309,72.5,203,29.6,⚾ High-Floor Value,225
Mauricio Dubón,Atlanta Braves,Logan Henderson,R,R,1.33,0.125,ABOVE-AVG MATCHUP,0.1251,25.4,133,20.0,24,1.29,0.3685,25.0,171,0.6435,31.2,137,1.99,0.5926,62.5,228,29.5,⚾ High-Floor Value,226
Dylan Beavers,Baltimore Orioles,Shane McClanahan,L,L,0.72,0.139,NEUTRAL TRAJECTORY,0.0738,25.0,196,20.0,87,0.85,0.2091,25.0,242,0.4245,25.0,257,2.13,0.6274,71.7,206,29.5,⚾ High-Floor Value,227
Daylen Lile,Washington Nationals,Eury Pérez,R,L,0.51,0.159,NEUTRAL TRAJECTORY,0.0602,25.0,212,20.0,42,1.05,0.2809,25.0,220,0.5363,25.0,224,2.12,0.6262,71.4,207,29.5,⚾ High-Floor Value,228
Brenton Doyle,Chicago White Sox,Christian Scott,R,R,0.3,0.112,POWER SUPPRESSED,0.0216,25.0,251,20.0,138,0.84,0.2067,25.0,243,0.5294,25.0,228,2.11,0.6234,70.7,212,29.4,⚾ High-Floor Value,229
Cal Raleigh,Seattle Mariners,David Peterson,L,S,0.7,0.148,NEUTRAL TRAJECTORY,0.0679,25.0,209,20.0,192,0.98,0.2559,25.0,231,0.5226,25.0,235,2.1,0.6205,70.0,216,29.3,⚾ High-Floor Value,230
Luis Lara,Milwaukee Brewers,Martín Pérez,L,S,0.78,0.108,POWER SUPPRESSED,0.0533,25.0,220,20.0,35,1.07,0.2901,25.0,215,0.5848,25.0,188,2.1,0.6213,70.2,214,29.3,⚾ High-Floor Value,231
Carlos Narváez,Baltimore Orioles,Shane McClanahan,L,R,0.7,0.088,POWER SUPPRESSED,0.0393,25.0,232,20.0,82,0.83,0.2034,25.0,244,0.532,25.0,225,2.1,0.6207,70.0,215,29.3,⚾ High-Floor Value,232
Jase Bowen,San Diego Padres,Dean Kremer,R,R,2.53,0.104,ABOVE-AVG MATCHUP,0.1711,43.8,83,20.0,268,1.1,0.3017,25.0,209,0.4516,25.0,250,1.2,0.337,25.0,266,29.2,⚾ High-Floor Value,233
Jackson Holliday,Baltimore Orioles,Shane McClanahan,L,L,0.72,0.132,NEUTRAL TRAJECTORY,0.0702,25.0,205,20.0,89,0.81,0.1962,25.0,245,0.4125,25.0,260,2.09,0.6174,69.2,217,29.2,⚾ High-Floor Value,234
Gunnar Henderson,Baltimore Orioles,Shane McClanahan,L,L,0.72,0.177,NEUTRAL TRAJECTORY,0.093,25.0,175,20.0,88,0.95,0.2447,25.0,234,0.3989,25.0,261,2.07,0.6126,67.9,221,29.0,⚾ High-Floor Value,235
Leody Taveras,Baltimore Orioles,Shane McClanahan,L,S,0.7,0.132,NEUTRAL TRAJECTORY,0.0683,25.0,208,20.0,90,1.1,0.3012,25.0,211,0.6085,25.0,170,2.04,0.6035,65.5,224,28.8,⚾ High-Floor Value,236
Nico Hoerner,Chicago Cubs,Kade Anderson,L,R,1.2,0.098,NEUTRAL TRAJECTORY,0.0767,25.0,189,20.0,189,1.14,0.3165,25.0,199,0.6412,30.5,138,1.92,0.5728,56.8,236,28.6,⚾ High-Floor Value,237
Hunter Feduccia,Los Angeles Dodgers,Jared Jones,R,L,1.42,0.106,ABOVE-AVG MATCHUP,0.114,25.0,150,20.0,177,1.38,0.4025,25.0,150,0.6164,25.0,164,2.01,0.5969,63.7,227,28.5,⚾ High-Floor Value,238
Austin Riley,Atlanta Braves,Logan Henderson,R,R,1.33,0.146,ABOVE-AVG MATCHUP,0.1445,32.5,120,20.0,26,1.21,0.3402,25.0,187,0.5578,25.0,209,1.79,0.5332,45.0,251,28.4,⚾ High-Floor Value,239
José Caballero,New York Yankees,Dylan Cease,R,R,0.3,0.144,NEUTRAL TRAJECTORY,0.0378,25.0,233,20.0,18,0.95,0.2445,25.0,235,0.5838,25.0,189,1.98,0.5876,61.1,229,28.2,⚾ High-Floor Value,240
Jared Triolo,Pittsburgh Pirates,Tarik Skubal,L,R,0.82,0.068,POWER SUPPRESSED,0.0356,25.0,238,20.0,170,0.88,0.2185,25.0,240,0.5437,25.0,219,1.97,0.5854,60.5,231,28.2,⚾ High-Floor Value,241
Davis Schneider,Toronto Blue Jays,Ryan Weathers,L,R,1.35,0.132,ABOVE-AVG MATCHUP,0.1537,36.3,110,20.0,6,1.02,0.2719,25.0,226,0.4608,25.0,249,1.66,0.4941,33.8,253,28.1,⚾ High-Floor Value,242
Michael Busch,Chicago Cubs,Kade Anderson,L,L,1.2,0.146,NEUTRAL TRAJECTORY,0.1121,25.0,152,20.0,186,1.23,0.3498,25.0,181,0.5957,25.0,178,1.96,0.5839,60.0,233,28.1,⚾ High-Floor Value,243
Jose Trevino,Cincinnati Reds,Michael Soroka,R,R,0.48,0.143,NEUTRAL TRAJECTORY,0.0512,25.0,222,20.0,222,0.95,0.2449,25.0,233,0.5275,25.0,233,1.97,0.585,60.3,232,28.1,⚾ High-Floor Value,244
Jazz Chisholm Jr.,New York Yankees,Dylan Cease,R,L,0.8,0.172,NEUTRAL TRAJECTORY,0.1155,25.0,146,20.0,16,1.04,0.2778,25.0,223,0.475,25.0,248,1.91,0.5685,55.5,238,27.6,⚾ High-Floor Value,245
Miguel Amaya,Chicago Cubs,Kade Anderson,L,R,1.2,0.136,NEUTRAL TRAJECTORY,0.1049,25.0,159,20.0,188,1.18,0.3303,25.0,193,0.5851,25.0,187,1.91,0.5683,55.5,239,27.6,⚾ High-Floor Value,246
Billy Cook,Pittsburgh Pirates,Tarik Skubal,L,R,0.82,0.062,POWER SUPPRESSED,0.0325,25.0,244,20.0,163,0.72,0.1628,25.0,255,0.4231,25.0,258,1.9,0.567,55.1,240,27.5,⚾ High-Floor Value,247
Matt McLain,Cincinnati Reds,Michael Soroka,R,R,0.48,0.156,NEUTRAL TRAJECTORY,0.0557,25.0,215,20.0,224,0.88,0.2203,25.0,239,0.4224,25.0,259,1.89,0.5631,53.9,242,27.4,⚾ High-Floor Value,248
Travis d'Arnaud,Los Angeles Angels,Cody Bradford,L,R,0.0,0.08,POWER SUPPRESSED,0.0198,25.0,259,20.0,99,0.8,0.1895,25.0,246,0.581,25.0,194,1.83,0.5461,48.8,246,26.8,⚾ High-Floor Value,249
Buddy Kennedy,San Francisco Giants,Patrick Sandoval,L,R,0.33,0.05,POWER SUPPRESSED,0.0198,25.0,262,20.0,201,0.5,0.0902,25.0,269,0.4772,25.0,247,1.81,0.5408,47.2,247,26.6,⚾ High-Floor Value,250
Christopher Morel,New York Mets,Luis Castillo,R,R,0.92,0.05,NEUTRAL TRAJECTORY,0.0346,25.0,240,20.0,131,0.71,0.1578,25.0,256,0.5374,25.0,222,1.81,0.5399,47.0,248,26.5,⚾ High-Floor Value,251
Ben Rortvedt,Los Angeles Dodgers,Jared Jones,R,L,1.42,0.05,ABOVE-AVG MATCHUP,0.0555,25.0,216,20.0,174,0.77,0.1787,25.0,249,0.5369,25.0,223,1.8,0.5372,46.2,249,26.4,⚾ High-Floor Value,252
Eric Wagaman,New York Mets,Luis Castillo,R,R,0.92,0.143,NEUTRAL TRAJECTORY,0.0958,25.0,172,20.0,133,1.14,0.3158,25.0,201,0.5951,25.0,179,1.79,0.5338,45.2,250,26.3,⚾ High-Floor Value,253
Luisangel Acuña,Chicago White Sox,Christian Scott,R,R,0.3,0.05,POWER SUPPRESSED,0.0198,25.0,260,20.0,143,0.72,0.1643,25.0,253,0.594,25.0,180,1.79,0.5328,44.9,252,26.3,⚾ High-Floor Value,254
Drew Romo,Chicago White Sox,Christian Scott,R,S,1.17,0.164,NEUTRAL TRAJECTORY,0.1366,29.5,125,20.0,141,1.03,0.2759,25.0,224,0.429,25.0,255,1.44,0.4221,25.0,259,25.2,⚾ High-Floor Value,255
Jim Jarvis,Atlanta Braves,Logan Henderson,R,L,1.48,0.093,ABOVE-AVG MATCHUP,0.1047,25.0,162,20.0,27,1.0,0.2658,25.0,229,0.4888,25.0,245,1.63,0.4858,31.6,254,24.7,⚾ High-Floor Value,256
Heliot Ramos,New York Yankees,Dylan Cease,R,R,0.3,0.082,POWER SUPPRESSED,0.0198,25.0,254,20.0,12,0.51,0.0923,25.0,265,0.3297,25.0,266,1.62,0.4825,30.8,255,24.6,⚾ High-Floor Value,257
Jake Rogers,Chicago White Sox,Christian Scott,R,R,0.3,0.214,ABOVE-AVG MATCHUP,0.0503,25.0,224,20.0,142,1.04,0.2803,25.0,221,0.4262,25.0,256,1.61,0.4794,30.0,256,24.5,⚾ High-Floor Value,258
Austin Wells,New York Yankees,Dylan Cease,R,L,0.8,0.117,POWER SUPPRESSED,0.0685,25.0,207,20.0,17,0.74,0.1695,25.0,251,0.3711,25.0,264,1.58,0.4674,27.1,257,24.2,⚾ High-Floor Value,259
Jake Cronenworth,San Diego Padres,Dean Kremer,R,L,2.01,0.073,ABOVE-AVG MATCHUP,0.0993,25.0,169,20.0,267,1.2,0.337,25.0,189,0.5813,25.0,193,1.56,0.462,25.8,258,24.0,⚾ High-Floor Value,260
Luis Rengifo,San Diego Padres,Dean Kremer,R,S,2.01,0.05,ABOVE-AVG MATCHUP,0.0692,25.0,206,20.0,270,1.03,0.2735,25.0,225,0.5492,25.0,217,1.39,0.4049,25.0,263,23.9,⚾ High-Floor Value,261
Garrett Stubbs,Philadelphia Phillies,TBD Pitcher,R,L,1.2,0.05,NEUTRAL TRAJECTORY,0.0513,25.0,221,20.0,71,0.61,0.126,25.0,262,0.5149,25.0,239,1.38,0.4024,25.0,264,23.9,⚾ High-Floor Value,262
Gabriel Arias,Chicago Cubs,Kade Anderson,L,R,1.2,0.05,NEUTRAL TRAJECTORY,0.0399,25.0,231,20.0,183,0.5,0.0902,25.0,267,0.3297,25.0,268,0.7,0.1558,25.0,270,23.9,⚾ High-Floor Value,263
Cristian Pache,New York Mets,Luis Castillo,R,R,0.92,0.05,NEUTRAL TRAJECTORY,0.0346,25.0,241,20.0,132,0.5,0.0902,25.0,266,0.3297,25.0,267,0.7,0.1558,25.0,269,23.9,⚾ High-Floor Value,264
Michael Toglia,Cincinnati Reds,Michael Soroka,R,S,0.66,0.077,POWER SUPPRESSED,0.0325,25.0,245,20.0,225,0.67,0.1471,25.0,259,0.43,25.0,254,1.09,0.2973,25.0,267,23.9,⚾ High-Floor Value,265
Ke'Bryan Hayes,Cincinnati Reds,Michael Soroka,R,R,0.48,0.102,POWER SUPPRESSED,0.0314,25.0,247,20.0,223,0.64,0.1349,25.0,261,0.3493,25.0,265,1.39,0.4057,25.0,261,23.9,⚾ High-Floor Value,266
Héctor Rodríguez,Cincinnati Reds,Michael Soroka,R,L,0.66,0.05,POWER SUPPRESSED,0.0212,25.0,252,20.0,220,0.52,0.0953,25.0,264,0.4383,25.0,251,1.39,0.4056,25.0,262,23.9,⚾ High-Floor Value,267
Leo Rivas,Seattle Mariners,David Peterson,L,S,0.7,0.05,POWER SUPPRESSED,0.02,25.0,253,20.0,198,0.56,0.1081,25.0,263,0.4779,25.0,246,1.28,0.3653,25.0,265,23.9,⚾ High-Floor Value,268
Andrew Knizner,San Francisco Giants,Patrick Sandoval,L,R,0.33,0.05,POWER SUPPRESSED,0.0198,25.0,261,20.0,199,0.5,0.0902,25.0,268,0.3297,25.0,269,0.71,0.1605,25.0,268,23.9,⚾ High-Floor Value,269
Jahmai Jones,Boston Red Sox,Blade Tidwell,R,R,0.0,0.084,POWER SUPPRESSED,0.0198,25.0,269,20.0,215,0.5,0.0902,25.0,270,0.3297,25.0,270,1.43,0.4175,25.0,260,23.9,⚾ High-Floor Value,270
